j_day,host_spp,host_den
1,deer,1
1,mouse,5
1,squirrel,2
2,deer,1
2,mouse,5
2,squirrel,2
3,deer,1
3,mouse,5
3,squirrel,2
4,deer,1
4,mouse,5
4,squirrel,2
5,deer,1
5,mouse,5
5,squirrel,2
6,deer,1
6,mouse,5
6,squirrel,2
7,deer,1
7,mouse,5
7,squirrel,2
8,deer,1
8,mouse,5
8,squirrel,2
9,deer,1
9,mouse,5
9,squirrel,2
10,deer,1
10,mouse,5
10,squirrel,2
11,deer,1
11,mouse,5
11,squirrel,2
12,deer,1
12,mouse,5
12,squirrel,2
13,deer,1
13,mouse,5
13,squirrel,2
14,deer,1
14,mouse,5
14,squirrel,2
15,deer,1
15,mouse,5
15,squirrel,2
16,deer,1
16,mouse,5
16,squirrel,2
17,deer,1
17,mouse,5
17,squirrel,2
18,deer,1
18,mouse,5
18,squirrel,2
19,deer,1
19,mouse,5
19,squirrel,2
20,deer,1
20,mouse,5
20,squirrel,2
21,deer,1
21,mouse,5
21,squirrel,2
22,deer,1
22,mouse,5
22,squirrel,2
23,deer,1
23,mouse,5
23,squirrel,2
24,deer,1
24,mouse,5
24,squirrel,2
25,deer,1
25,mouse,5
25,squirrel,2
26,deer,1
26,mouse,5
26,squirrel,2
27,deer,1
27,mouse,5
27,squirrel,2
28,deer,1
28,mouse,5
28,squirrel,2
29,deer,1
29,mouse,5
29,squirrel,2
30,deer,1
30,mouse,5
30,squirrel,2
31,deer,1
31,mouse,5
31,squirrel,2
32,deer,1
32,mouse,5
32,squirrel,2
33,deer,1
33,mouse,5
33,squirrel,2
34,deer,1
34,mouse,5
34,squirrel,2
35,deer,1
35,mouse,5
35,squirrel,2
36,deer,1
36,mouse,5
36,squirrel,2
37,deer,1
37,mouse,5
37,squirrel,2
38,deer,1
38,mouse,5
38,squirrel,2
39,deer,1
39,mouse,5
39,squirrel,2
40,deer,1
40,mouse,5
40,squirrel,2
41,deer,1
41,mouse,5
41,squirrel,2
42,deer,1
42,mouse,5
42,squirrel,2
43,deer,1
43,mouse,5
43,squirrel,2
44,deer,1
44,mouse,5
44,squirrel,2
45,deer,1
45,mouse,5
45,squirrel,2
46,deer,1
46,mouse,5
46,squirrel,2
47,deer,1
47,mouse,5
47,squirrel,2
48,deer,1
48,mouse,5
48,squirrel,2
49,deer,1
49,mouse,5
49,squirrel,2
50,deer,1
50,mouse,5
50,squirrel,2
51,deer,1
51,mouse,5
51,squirrel,2
52,deer,1
52,mouse,5
52,squirrel,2
53,deer,1
53,mouse,5
53,squirrel,2
54,deer,1
54,mouse,5
54,squirrel,2
55,deer,1
55,mouse,5
55,squirrel,2
56,deer,1
56,mouse,5
56,squirrel,2
57,deer,1
57,mouse,5
57,squirrel,2
58,deer,1
58,mouse,5
58,squirrel,2
59,deer,1
59,mouse,5
59,squirrel,2
60,deer,1
60,mouse,5
60,squirrel,2
61,deer,1
61,mouse,5
61,squirrel,2
62,deer,1
62,mouse,5
62,squirrel,2
63,deer,1
63,mouse,5
63,squirrel,2
64,deer,1
64,mouse,5
64,squirrel,2
65,deer,1
65,mouse,5
65,squirrel,2
66,deer,1
66,mouse,5
66,squirrel,2
67,deer,1
67,mouse,5
67,squirrel,2
68,deer,1
68,mouse,5
68,squirrel,2
69,deer,1
69,mouse,5
69,squirrel,2
70,deer,1
70,mouse,5
70,squirrel,2
71,deer,1
71,mouse,5
71,squirrel,2
72,deer,1
72,mouse,5
72,squirrel,2
73,deer,1
73,mouse,5
73,squirrel,2
74,deer,1
74,mouse,5
74,squirrel,2
75,deer,1
75,mouse,5
75,squirrel,2
76,deer,1
76,mouse,5
76,squirrel,2
77,deer,1
77,mouse,5
77,squirrel,2
78,deer,1
78,mouse,5
78,squirrel,2
79,deer,1
79,mouse,5
79,squirrel,2
80,deer,1
80,mouse,5
80,squirrel,2
81,deer,1
81,mouse,5
81,squirrel,2
82,deer,1
82,mouse,5
82,squirrel,2
83,deer,1
83,mouse,5
83,squirrel,2
84,deer,1
84,mouse,5
84,squirrel,2
85,deer,1
85,mouse,5
85,squirrel,2
86,deer,1
86,mouse,5
86,squirrel,2
87,deer,1
87,mouse,5
87,squirrel,2
88,deer,1
88,mouse,5
88,squirrel,2
89,deer,1
89,mouse,5
89,squirrel,2
90,deer,1
90,mouse,5
90,squirrel,2
91,deer,1
91,mouse,5
91,squirrel,2
92,deer,1
92,mouse,5
92,squirrel,2
93,deer,1
93,mouse,5
93,squirrel,2
94,deer,1
94,mouse,5
94,squirrel,2
95,deer,1
95,mouse,5
95,squirrel,2
96,deer,1
96,mouse,5
96,squirrel,2
97,deer,1
97,mouse,5
97,squirrel,2
98,deer,1
98,mouse,5
98,squirrel,2
99,deer,1
99,mouse,5
99,squirrel,2
100,deer,1
100,mouse,5
100,squirrel,2
101,deer,1
101,mouse,5
101,squirrel,2
102,deer,1
102,mouse,5
102,squirrel,2
103,deer,1
103,mouse,5
103,squirrel,2
104,deer,1
104,mouse,5
104,squirrel,2
105,deer,1
105,mouse,5
105,squirrel,2
106,deer,1
106,mouse,5
106,squirrel,2
107,deer,1
107,mouse,5
107,squirrel,2
108,deer,1
108,mouse,5
108,squirrel,2
109,deer,1
109,mouse,5
109,squirrel,2
110,deer,1
110,mouse,5
110,squirrel,2
111,deer,1
111,mouse,5
111,squirrel,2
112,deer,1
112,mouse,5
112,squirrel,2
113,deer,1
113,mouse,5
113,squirrel,2
114,deer,1
114,mouse,5
114,squirrel,2
115,deer,1
115,mouse,5
115,squirrel,2
116,deer,1
116,mouse,5
116,squirrel,2
117,deer,1
117,mouse,5
117,squirrel,2
118,deer,1
118,mouse,5
118,squirrel,2
119,deer,1
119,mouse,5
119,squirrel,2
120,deer,1
120,mouse,5
120,squirrel,2
121,deer,1
121,mouse,5
121,squirrel,2
122,deer,1
122,mouse,5
122,squirrel,2
123,deer,1
123,mouse,5
123,squirrel,2
124,deer,1
124,mouse,5
124,squirrel,2
125,deer,1
125,mouse,5
125,squirrel,2
126,deer,1
126,mouse,5
126,squirrel,2
127,deer,1
127,mouse,5
127,squirrel,2
128,deer,1
128,mouse,5
128,squirrel,2
129,deer,1
129,mouse,5
129,squirrel,2
130,deer,1
130,mouse,5
130,squirrel,2
131,deer,1
131,mouse,5
131,squirrel,2
132,deer,1
132,mouse,5
132,squirrel,2
133,deer,1
133,mouse,5
133,squirrel,2
134,deer,1
134,mouse,5
134,squirrel,2
135,deer,1
135,mouse,5
135,squirrel,2
136,deer,1
136,mouse,5
136,squirrel,2
137,deer,1
137,mouse,5
137,squirrel,2
138,deer,1
138,mouse,5
138,squirrel,2
139,deer,1
139,mouse,5
139,squirrel,2
140,deer,1
140,mouse,5
140,squirrel,2
141,deer,1
141,mouse,5
141,squirrel,2
142,deer,1
142,mouse,5
142,squirrel,2
143,deer,1
143,mouse,5
143,squirrel,2
144,deer,1
144,mouse,5
144,squirrel,2
145,deer,1
145,mouse,5
145,squirrel,2
146,deer,1
146,mouse,5
146,squirrel,2
147,deer,1
147,mouse,5
147,squirrel,2
148,deer,1
148,mouse,5
148,squirrel,2
149,deer,1
149,mouse,5
149,squirrel,2
150,deer,1
150,mouse,5
150,squirrel,2
151,deer,1
151,mouse,5
151,squirrel,2
152,deer,1
152,mouse,5
152,squirrel,2
153,deer,1
153,mouse,5
153,squirrel,2
154,deer,1
154,mouse,5
154,squirrel,2
155,deer,1
155,mouse,5
155,squirrel,2
156,deer,1
156,mouse,5
156,squirrel,2
157,deer,1
157,mouse,5
157,squirrel,2
158,deer,1
158,mouse,5
158,squirrel,2
159,deer,1
159,mouse,5
159,squirrel,2
160,deer,1
160,mouse,5
160,squirrel,2
161,deer,1
161,mouse,5
161,squirrel,2
162,deer,1
162,mouse,5
162,squirrel,2
163,deer,1
163,mouse,5
163,squirrel,2
164,deer,1
164,mouse,5
164,squirrel,2
165,deer,1
165,mouse,5
165,squirrel,2
166,deer,1
166,mouse,5
166,squirrel,2
167,deer,1
167,mouse,5
167,squirrel,2
168,deer,1
168,mouse,5
168,squirrel,2
169,deer,1
169,mouse,5
169,squirrel,2
170,deer,1
170,mouse,5
170,squirrel,2
171,deer,1
171,mouse,5
171,squirrel,2
172,deer,1
172,mouse,5
172,squirrel,2
173,deer,1
173,mouse,5
173,squirrel,2
174,deer,1
174,mouse,5
174,squirrel,2
175,deer,1
175,mouse,5
175,squirrel,2
176,deer,1
176,mouse,5
176,squirrel,2
177,deer,1
177,mouse,5
177,squirrel,2
178,deer,1
178,mouse,5
178,squirrel,2
179,deer,1
179,mouse,5
179,squirrel,2
180,deer,1
180,mouse,5
180,squirrel,2
181,deer,1
181,mouse,5
181,squirrel,2
182,deer,1
182,mouse,5
182,squirrel,2
183,deer,1
183,mouse,5
183,squirrel,2
184,deer,1
184,mouse,5
184,squirrel,2
185,deer,1
185,mouse,5
185,squirrel,2
186,deer,1
186,mouse,5
186,squirrel,2
187,deer,1
187,mouse,5
187,squirrel,2
188,deer,1
188,mouse,5
188,squirrel,2
189,deer,1
189,mouse,5
189,squirrel,2
190,deer,1
190,mouse,5
190,squirrel,2
191,deer,1
191,mouse,5
191,squirrel,2
192,deer,1
192,mouse,5
192,squirrel,2
193,deer,1
193,mouse,5
193,squirrel,2
194,deer,1
194,mouse,5
194,squirrel,2
195,deer,1
195,mouse,5
195,squirrel,2
196,deer,1
196,mouse,5
196,squirrel,2
197,deer,1
197,mouse,5
197,squirrel,2
198,deer,1
198,mouse,5
198,squirrel,2
199,deer,1
199,mouse,5
199,squirrel,2
200,deer,1
200,mouse,5
200,squirrel,2
201,deer,1
201,mouse,5
201,squirrel,2
202,deer,1
202,mouse,5
202,squirrel,2
203,deer,1
203,mouse,5
203,squirrel,2
204,deer,1
204,mouse,5
204,squirrel,2
205,deer,1
205,mouse,5
205,squirrel,2
206,deer,1
206,mouse,5
206,squirrel,2
207,deer,1
207,mouse,5
207,squirrel,2
208,deer,1
208,mouse,5
208,squirrel,2
209,deer,1
209,mouse,5
209,squirrel,2
210,deer,1
210,mouse,5
210,squirrel,2
211,deer,1
211,mouse,5
211,squirrel,2
212,deer,1
212,mouse,5
212,squirrel,2
213,deer,1
213,mouse,5
213,squirrel,2
214,deer,1
214,mouse,5
214,squirrel,2
215,deer,1
215,mouse,5
215,squirrel,2
216,deer,1
216,mouse,5
216,squirrel,2
217,deer,1
217,mouse,5
217,squirrel,2
218,deer,1
218,mouse,5
218,squirrel,2
219,deer,1
219,mouse,5
219,squirrel,2
220,deer,1
220,mouse,5
220,squirrel,2
221,deer,1
221,mouse,5
221,squirrel,2
222,deer,1
222,mouse,5
222,squirrel,2
223,deer,1
223,mouse,5
223,squirrel,2
224,deer,1
224,mouse,5
224,squirrel,2
225,deer,1
225,mouse,5
225,squirrel,2
226,deer,1
226,mouse,5
226,squirrel,2
227,deer,1
227,mouse,5
227,squirrel,2
228,deer,1
228,mouse,5
228,squirrel,2
229,deer,1
229,mouse,5
229,squirrel,2
230,deer,1
230,mouse,5
230,squirrel,2
231,deer,1
231,mouse,5
231,squirrel,2
232,deer,1
232,mouse,5
232,squirrel,2
233,deer,1
233,mouse,5
233,squirrel,2
234,deer,1
234,mouse,5
234,squirrel,2
235,deer,1
235,mouse,5
235,squirrel,2
236,deer,1
236,mouse,5
236,squirrel,2
237,deer,1
237,mouse,5
237,squirrel,2
238,deer,1
238,mouse,5
238,squirrel,2
239,deer,1
239,mouse,5
239,squirrel,2
240,deer,1
240,mouse,5
240,squirrel,2
241,deer,1
241,mouse,5
241,squirrel,2
242,deer,1
242,mouse,5
242,squirrel,2
243,deer,1
243,mouse,5
243,squirrel,2
244,deer,1
244,mouse,5
244,squirrel,2
245,deer,1
245,mouse,5
245,squirrel,2
246,deer,1
246,mouse,5
246,squirrel,2
247,deer,1
247,mouse,5
247,squirrel,2
248,deer,1
248,mouse,5
248,squirrel,2
249,deer,1
249,mouse,5
249,squirrel,2
250,deer,1
250,mouse,5
250,squirrel,2
251,deer,1
251,mouse,5
251,squirrel,2
252,deer,1
252,mouse,5
252,squirrel,2
253,deer,1
253,mouse,5
253,squirrel,2
254,deer,1
254,mouse,5
254,squirrel,2
255,deer,1
255,mouse,5
255,squirrel,2
256,deer,1
256,mouse,5
256,squirrel,2
257,deer,1
257,mouse,5
257,squirrel,2
258,deer,1
258,mouse,5
258,squirrel,2
259,deer,1
259,mouse,5
259,squirrel,2
260,deer,1
260,mouse,5
260,squirrel,2
261,deer,1
261,mouse,5
261,squirrel,2
262,deer,1
262,mouse,5
262,squirrel,2
263,deer,1
263,mouse,5
263,squirrel,2
264,deer,1
264,mouse,5
264,squirrel,2
265,deer,1
265,mouse,5
265,squirrel,2
266,deer,1
266,mouse,5
266,squirrel,2
267,deer,1
267,mouse,5
267,squirrel,2
268,deer,1
268,mouse,5
268,squirrel,2
269,deer,1
269,mouse,5
269,squirrel,2
270,deer,1
270,mouse,5
270,squirrel,2
271,deer,1
271,mouse,5
271,squirrel,2
272,deer,1
272,mouse,5
272,squirrel,2
273,deer,1
273,mouse,5
273,squirrel,2
274,deer,1
274,mouse,5
274,squirrel,2
275,deer,1
275,mouse,5
275,squirrel,2
276,deer,1
276,mouse,5
276,squirrel,2
277,deer,1
277,mouse,5
277,squirrel,2
278,deer,1
278,mouse,5
278,squirrel,2
279,deer,1
279,mouse,5
279,squirrel,2
280,deer,1
280,mouse,5
280,squirrel,2
281,deer,1
281,mouse,5
281,squirrel,2
282,deer,1
282,mouse,5
282,squirrel,2
283,deer,1
283,mouse,5
283,squirrel,2
284,deer,1
284,mouse,5
284,squirrel,2
285,deer,1
285,mouse,5
285,squirrel,2
286,deer,1
286,mouse,5
286,squirrel,2
287,deer,1
287,mouse,5
287,squirrel,2
288,deer,1
288,mouse,5
288,squirrel,2
289,deer,1
289,mouse,5
289,squirrel,2
290,deer,1
290,mouse,5
290,squirrel,2
291,deer,1
291,mouse,5
291,squirrel,2
292,deer,1
292,mouse,5
292,squirrel,2
293,deer,1
293,mouse,5
293,squirrel,2
294,deer,1
294,mouse,5
294,squirrel,2
295,deer,1
295,mouse,5
295,squirrel,2
296,deer,1
296,mouse,5
296,squirrel,2
297,deer,1
297,mouse,5
297,squirrel,2
298,deer,1
298,mouse,5
298,squirrel,2
299,deer,1
299,mouse,5
299,squirrel,2
300,deer,1
300,mouse,5
300,squirrel,2
301,deer,1
301,mouse,5
301,squirrel,2
302,deer,1
302,mouse,5
302,squirrel,2
303,deer,1
303,mouse,5
303,squirrel,2
304,deer,1
304,mouse,5
304,squirrel,2
305,deer,1
305,mouse,5
305,squirrel,2
306,deer,1
306,mouse,5
306,squirrel,2
307,deer,1
307,mouse,5
307,squirrel,2
308,deer,1
308,mouse,5
308,squirrel,2
309,deer,1
309,mouse,5
309,squirrel,2
310,deer,1
310,mouse,5
310,squirrel,2
311,deer,1
311,mouse,5
311,squirrel,2
312,deer,1
312,mouse,5
312,squirrel,2
313,deer,1
313,mouse,5
313,squirrel,2
314,deer,1
314,mouse,5
314,squirrel,2
315,deer,1
315,mouse,5
315,squirrel,2
316,deer,1
316,mouse,5
316,squirrel,2
317,deer,1
317,mouse,5
317,squirrel,2
318,deer,1
318,mouse,5
318,squirrel,2
319,deer,1
319,mouse,5
319,squirrel,2
320,deer,1
320,mouse,5
320,squirrel,2
321,deer,1
321,mouse,5
321,squirrel,2
322,deer,1
322,mouse,5
322,squirrel,2
323,deer,1
323,mouse,5
323,squirrel,2
324,deer,1
324,mouse,5
324,squirrel,2
325,deer,1
325,mouse,5
325,squirrel,2
326,deer,1
326,mouse,5
326,squirrel,2
327,deer,1
327,mouse,5
327,squirrel,2
328,deer,1
328,mouse,5
328,squirrel,2
329,deer,1
329,mouse,5
329,squirrel,2
330,deer,1
330,mouse,5
330,squirrel,2
331,deer,1
331,mouse,5
331,squirrel,2
332,deer,1
332,mouse,5
332,squirrel,2
333,deer,1
333,mouse,5
333,squirrel,2
334,deer,1
334,mouse,5
334,squirrel,2
335,deer,1
335,mouse,5
335,squirrel,2
336,deer,1
336,mouse,5
336,squirrel,2
337,deer,1
337,mouse,5
337,squirrel,2
338,deer,1
338,mouse,5
338,squirrel,2
339,deer,1
339,mouse,5
339,squirrel,2
340,deer,1
340,mouse,5
340,squirrel,2
341,deer,1
341,mouse,5
341,squirrel,2
342,deer,1
342,mouse,5
342,squirrel,2
343,deer,1
343,mouse,5
343,squirrel,2
344,deer,1
344,mouse,5
344,squirrel,2
345,deer,1
345,mouse,5
345,squirrel,2
346,deer,1
346,mouse,5
346,squirrel,2
347,deer,1
347,mouse,5
347,squirrel,2
348,deer,1
348,mouse,5
348,squirrel,2
349,deer,1
349,mouse,5
349,squirrel,2
350,deer,1
350,mouse,5
350,squirrel,2
351,deer,1
351,mouse,5
351,squirrel,2
352,deer,1
352,mouse,5
352,squirrel,2
353,deer,1
353,mouse,5
353,squirrel,2
354,deer,1
354,mouse,5
354,squirrel,2
355,deer,1
355,mouse,5
355,squirrel,2
356,deer,1
356,mouse,5
356,squirrel,2
357,deer,1
357,mouse,5
357,squirrel,2
358,deer,1
358,mouse,5
358,squirrel,2
359,deer,1
359,mouse,5
359,squirrel,2
360,deer,1
360,mouse,5
360,squirrel,2
361,deer,1
361,mouse,5
361,squirrel,2
362,deer,1
362,mouse,5
362,squirrel,2
363,deer,1
363,mouse,5
363,squirrel,2
364,deer,1
364,mouse,5
364,squirrel,2
365,deer,1
365,mouse,5
365,squirrel,2
366,deer,1
366,mouse,5
366,squirrel,2
367,deer,1
367,mouse,5
367,squirrel,2
368,deer,1
368,mouse,5
368,squirrel,2
369,deer,1
369,mouse,5
369,squirrel,2
370,deer,1
370,mouse,5
370,squirrel,2
371,deer,1
371,mouse,5
371,squirrel,2
372,deer,1
372,mouse,5
372,squirrel,2
373,deer,1
373,mouse,5
373,squirrel,2
374,deer,1
374,mouse,5
374,squirrel,2
375,deer,1
375,mouse,5
375,squirrel,2
376,deer,1
376,mouse,5
376,squirrel,2
377,deer,1
377,mouse,5
377,squirrel,2
378,deer,1
378,mouse,5
378,squirrel,2
379,deer,1
379,mouse,5
379,squirrel,2
380,deer,1
380,mouse,5
380,squirrel,2
381,deer,1
381,mouse,5
381,squirrel,2
382,deer,1
382,mouse,5
382,squirrel,2
383,deer,1
383,mouse,5
383,squirrel,2
384,deer,1
384,mouse,5
384,squirrel,2
385,deer,1
385,mouse,5
385,squirrel,2
386,deer,1
386,mouse,5
386,squirrel,2
387,deer,1
387,mouse,5
387,squirrel,2
388,deer,1
388,mouse,5
388,squirrel,2
389,deer,1
389,mouse,5
389,squirrel,2
390,deer,1
390,mouse,5
390,squirrel,2
391,deer,1
391,mouse,5
391,squirrel,2
392,deer,1
392,mouse,5
392,squirrel,2
393,deer,1
393,mouse,5
393,squirrel,2
394,deer,1
394,mouse,5
394,squirrel,2
395,deer,1
395,mouse,5
395,squirrel,2
396,deer,1
396,mouse,5
396,squirrel,2
397,deer,1
397,mouse,5
397,squirrel,2
398,deer,1
398,mouse,5
398,squirrel,2
399,deer,1
399,mouse,5
399,squirrel,2
400,deer,1
400,mouse,5
400,squirrel,2
401,deer,1
401,mouse,5
401,squirrel,2
402,deer,1
402,mouse,5
402,squirrel,2
403,deer,1
403,mouse,5
403,squirrel,2
404,deer,1
404,mouse,5
404,squirrel,2
405,deer,1
405,mouse,5
405,squirrel,2
406,deer,1
406,mouse,5
406,squirrel,2
407,deer,1
407,mouse,5
407,squirrel,2
408,deer,1
408,mouse,5
408,squirrel,2
409,deer,1
409,mouse,5
409,squirrel,2
410,deer,1
410,mouse,5
410,squirrel,2
411,deer,1
411,mouse,5
411,squirrel,2
412,deer,1
412,mouse,5
412,squirrel,2
413,deer,1
413,mouse,5
413,squirrel,2
414,deer,1
414,mouse,5
414,squirrel,2
415,deer,1
415,mouse,5
415,squirrel,2
416,deer,1
416,mouse,5
416,squirrel,2
417,deer,1
417,mouse,5
417,squirrel,2
418,deer,1
418,mouse,5
418,squirrel,2
419,deer,1
419,mouse,5
419,squirrel,2
420,deer,1
420,mouse,5
420,squirrel,2
421,deer,1
421,mouse,5
421,squirrel,2
422,deer,1
422,mouse,5
422,squirrel,2
423,deer,1
423,mouse,5
423,squirrel,2
424,deer,1
424,mouse,5
424,squirrel,2
425,deer,1
425,mouse,5
425,squirrel,2
426,deer,1
426,mouse,5
426,squirrel,2
427,deer,1
427,mouse,5
427,squirrel,2
428,deer,1
428,mouse,5
428,squirrel,2
429,deer,1
429,mouse,5
429,squirrel,2
430,deer,1
430,mouse,5
430,squirrel,2
431,deer,1
431,mouse,5
431,squirrel,2
432,deer,1
432,mouse,5
432,squirrel,2
433,deer,1
433,mouse,5
433,squirrel,2
434,deer,1
434,mouse,5
434,squirrel,2
435,deer,1
435,mouse,5
435,squirrel,2
436,deer,1
436,mouse,5
436,squirrel,2
437,deer,1
437,mouse,5
437,squirrel,2
438,deer,1
438,mouse,5
438,squirrel,2
439,deer,1
439,mouse,5
439,squirrel,2
440,deer,1
440,mouse,5
440,squirrel,2
441,deer,1
441,mouse,5
441,squirrel,2
442,deer,1
442,mouse,5
442,squirrel,2
443,deer,1
443,mouse,5
443,squirrel,2
444,deer,1
444,mouse,5
444,squirrel,2
445,deer,1
445,mouse,5
445,squirrel,2
446,deer,1
446,mouse,5
446,squirrel,2
447,deer,1
447,mouse,5
447,squirrel,2
448,deer,1
448,mouse,5
448,squirrel,2
449,deer,1
449,mouse,5
449,squirrel,2
450,deer,1
450,mouse,5
450,squirrel,2
451,deer,1
451,mouse,5
451,squirrel,2
452,deer,1
452,mouse,5
452,squirrel,2
453,deer,1
453,mouse,5
453,squirrel,2
454,deer,1
454,mouse,5
454,squirrel,2
455,deer,1
455,mouse,5
455,squirrel,2
456,deer,1
456,mouse,5
456,squirrel,2
457,deer,1
457,mouse,5
457,squirrel,2
458,deer,1
458,mouse,5
458,squirrel,2
459,deer,1
459,mouse,5
459,squirrel,2
460,deer,1
460,mouse,5
460,squirrel,2
461,deer,1
461,mouse,5
461,squirrel,2
462,deer,1
462,mouse,5
462,squirrel,2
463,deer,1
463,mouse,5
463,squirrel,2
464,deer,1
464,mouse,5
464,squirrel,2
465,deer,1
465,mouse,5
465,squirrel,2
466,deer,1
466,mouse,5
466,squirrel,2
467,deer,1
467,mouse,5
467,squirrel,2
468,deer,1
468,mouse,5
468,squirrel,2
469,deer,1
469,mouse,5
469,squirrel,2
470,deer,1
470,mouse,5
470,squirrel,2
471,deer,1
471,mouse,5
471,squirrel,2
472,deer,1
472,mouse,5
472,squirrel,2
473,deer,1
473,mouse,5
473,squirrel,2
474,deer,1
474,mouse,5
474,squirrel,2
475,deer,1
475,mouse,5
475,squirrel,2
476,deer,1
476,mouse,5
476,squirrel,2
477,deer,1
477,mouse,5
477,squirrel,2
478,deer,1
478,mouse,5
478,squirrel,2
479,deer,1
479,mouse,5
479,squirrel,2
480,deer,1
480,mouse,5
480,squirrel,2
481,deer,1
481,mouse,5
481,squirrel,2
482,deer,1
482,mouse,5
482,squirrel,2
483,deer,1
483,mouse,5
483,squirrel,2
484,deer,1
484,mouse,5
484,squirrel,2
485,deer,1
485,mouse,5
485,squirrel,2
486,deer,1
486,mouse,5
486,squirrel,2
487,deer,1
487,mouse,5
487,squirrel,2
488,deer,1
488,mouse,5
488,squirrel,2
489,deer,1
489,mouse,5
489,squirrel,2
490,deer,1
490,mouse,5
490,squirrel,2
491,deer,1
491,mouse,5
491,squirrel,2
492,deer,1
492,mouse,5
492,squirrel,2
493,deer,1
493,mouse,5
493,squirrel,2
494,deer,1
494,mouse,5
494,squirrel,2
495,deer,1
495,mouse,5
495,squirrel,2
496,deer,1
496,mouse,5
496,squirrel,2
497,deer,1
497,mouse,5
497,squirrel,2
498,deer,1
498,mouse,5
498,squirrel,2
499,deer,1
499,mouse,5
499,squirrel,2
500,deer,1
500,mouse,5
500,squirrel,2
501,deer,1
501,mouse,5
501,squirrel,2
502,deer,1
502,mouse,5
502,squirrel,2
503,deer,1
503,mouse,5
503,squirrel,2
504,deer,1
504,mouse,5
504,squirrel,2
505,deer,1
505,mouse,5
505,squirrel,2
506,deer,1
506,mouse,5
506,squirrel,2
507,deer,1
507,mouse,5
507,squirrel,2
508,deer,1
508,mouse,5
508,squirrel,2
509,deer,1
509,mouse,5
509,squirrel,2
510,deer,1
510,mouse,5
510,squirrel,2
511,deer,1
511,mouse,5
511,squirrel,2
512,deer,1
512,mouse,5
512,squirrel,2
513,deer,1
513,mouse,5
513,squirrel,2
514,deer,1
514,mouse,5
514,squirrel,2
515,deer,1
515,mouse,5
515,squirrel,2
516,deer,1
516,mouse,5
516,squirrel,2
517,deer,1
517,mouse,5
517,squirrel,2
518,deer,1
518,mouse,5
518,squirrel,2
519,deer,1
519,mouse,5
519,squirrel,2
520,deer,1
520,mouse,5
520,squirrel,2
521,deer,1
521,mouse,5
521,squirrel,2
522,deer,1
522,mouse,5
522,squirrel,2
523,deer,1
523,mouse,5
523,squirrel,2
524,deer,1
524,mouse,5
524,squirrel,2
525,deer,1
525,mouse,5
525,squirrel,2
526,deer,1
526,mouse,5
526,squirrel,2
527,deer,1
527,mouse,5
527,squirrel,2
528,deer,1
528,mouse,5
528,squirrel,2
529,deer,1
529,mouse,5
529,squirrel,2
530,deer,1
530,mouse,5
530,squirrel,2
531,deer,1
531,mouse,5
531,squirrel,2
532,deer,1
532,mouse,5
532,squirrel,2
533,deer,1
533,mouse,5
533,squirrel,2
534,deer,1
534,mouse,5
534,squirrel,2
535,deer,1
535,mouse,5
535,squirrel,2
536,deer,1
536,mouse,5
536,squirrel,2
537,deer,1
537,mouse,5
537,squirrel,2
538,deer,1
538,mouse,5
538,squirrel,2
539,deer,1
539,mouse,5
539,squirrel,2
540,deer,1
540,mouse,5
540,squirrel,2
541,deer,1
541,mouse,5
541,squirrel,2
542,deer,1
542,mouse,5
542,squirrel,2
543,deer,1
543,mouse,5
543,squirrel,2
544,deer,1
544,mouse,5
544,squirrel,2
545,deer,1
545,mouse,5
545,squirrel,2
546,deer,1
546,mouse,5
546,squirrel,2
547,deer,1
547,mouse,5
547,squirrel,2
548,deer,1
548,mouse,5
548,squirrel,2
549,deer,1
549,mouse,5
549,squirrel,2
550,deer,1
550,mouse,5
550,squirrel,2
551,deer,1
551,mouse,5
551,squirrel,2
552,deer,1
552,mouse,5
552,squirrel,2
553,deer,1
553,mouse,5
553,squirrel,2
554,deer,1
554,mouse,5
554,squirrel,2
555,deer,1
555,mouse,5
555,squirrel,2
556,deer,1
556,mouse,5
556,squirrel,2
557,deer,1
557,mouse,5
557,squirrel,2
558,deer,1
558,mouse,5
558,squirrel,2
559,deer,1
559,mouse,5
559,squirrel,2
560,deer,1
560,mouse,5
560,squirrel,2
561,deer,1
561,mouse,5
561,squirrel,2
562,deer,1
562,mouse,5
562,squirrel,2
563,deer,1
563,mouse,5
563,squirrel,2
564,deer,1
564,mouse,5
564,squirrel,2
565,deer,1
565,mouse,5
565,squirrel,2
566,deer,1
566,mouse,5
566,squirrel,2
567,deer,1
567,mouse,5
567,squirrel,2
568,deer,1
568,mouse,5
568,squirrel,2
569,deer,1
569,mouse,5
569,squirrel,2
570,deer,1
570,mouse,5
570,squirrel,2
571,deer,1
571,mouse,5
571,squirrel,2
572,deer,1
572,mouse,5
572,squirrel,2
573,deer,1
573,mouse,5
573,squirrel,2
574,deer,1
574,mouse,5
574,squirrel,2
575,deer,1
575,mouse,5
575,squirrel,2
576,deer,1
576,mouse,5
576,squirrel,2
577,deer,1
577,mouse,5
577,squirrel,2
578,deer,1
578,mouse,5
578,squirrel,2
579,deer,1
579,mouse,5
579,squirrel,2
580,deer,1
580,mouse,5
580,squirrel,2
581,deer,1
581,mouse,5
581,squirrel,2
582,deer,1
582,mouse,5
582,squirrel,2
583,deer,1
583,mouse,5
583,squirrel,2
584,deer,1
584,mouse,5
584,squirrel,2
585,deer,1
585,mouse,5
585,squirrel,2
586,deer,1
586,mouse,5
586,squirrel,2
587,deer,1
587,mouse,5
587,squirrel,2
588,deer,1
588,mouse,5
588,squirrel,2
589,deer,1
589,mouse,5
589,squirrel,2
590,deer,1
590,mouse,5
590,squirrel,2
591,deer,1
591,mouse,5
591,squirrel,2
592,deer,1
592,mouse,5
592,squirrel,2
593,deer,1
593,mouse,5
593,squirrel,2
594,deer,1
594,mouse,5
594,squirrel,2
595,deer,1
595,mouse,5
595,squirrel,2
596,deer,1
596,mouse,5
596,squirrel,2
597,deer,1
597,mouse,5
597,squirrel,2
598,deer,1
598,mouse,5
598,squirrel,2
599,deer,1
599,mouse,5
599,squirrel,2
600,deer,1
600,mouse,5
600,squirrel,2
601,deer,1
601,mouse,5
601,squirrel,2
602,deer,1
602,mouse,5
602,squirrel,2
603,deer,1
603,mouse,5
603,squirrel,2
604,deer,1
604,mouse,5
604,squirrel,2
605,deer,1
605,mouse,5
605,squirrel,2
606,deer,1
606,mouse,5
606,squirrel,2
607,deer,1
607,mouse,5
607,squirrel,2
608,deer,1
608,mouse,5
608,squirrel,2
609,deer,1
609,mouse,5
609,squirrel,2
610,deer,1
610,mouse,5
610,squirrel,2
611,deer,1
611,mouse,5
611,squirrel,2
612,deer,1
612,mouse,5
612,squirrel,2
613,deer,1
613,mouse,5
613,squirrel,2
614,deer,1
614,mouse,5
614,squirrel,2
615,deer,1
615,mouse,5
615,squirrel,2
616,deer,1
616,mouse,5
616,squirrel,2
617,deer,1
617,mouse,5
617,squirrel,2
618,deer,1
618,mouse,5
618,squirrel,2
619,deer,1
619,mouse,5
619,squirrel,2
620,deer,1
620,mouse,5
620,squirrel,2
621,deer,1
621,mouse,5
621,squirrel,2
622,deer,1
622,mouse,5
622,squirrel,2
623,deer,1
623,mouse,5
623,squirrel,2
624,deer,1
624,mouse,5
624,squirrel,2
625,deer,1
625,mouse,5
625,squirrel,2
626,deer,1
626,mouse,5
626,squirrel,2
627,deer,1
627,mouse,5
627,squirrel,2
628,deer,1
628,mouse,5
628,squirrel,2
629,deer,1
629,mouse,5
629,squirrel,2
630,deer,1
630,mouse,5
630,squirrel,2
631,deer,1
631,mouse,5
631,squirrel,2
632,deer,1
632,mouse,5
632,squirrel,2
633,deer,1
633,mouse,5
633,squirrel,2
634,deer,1
634,mouse,5
634,squirrel,2
635,deer,1
635,mouse,5
635,squirrel,2
636,deer,1
636,mouse,5
636,squirrel,2
637,deer,1
637,mouse,5
637,squirrel,2
638,deer,1
638,mouse,5
638,squirrel,2
639,deer,1
639,mouse,5
639,squirrel,2
640,deer,1
640,mouse,5
640,squirrel,2
641,deer,1
641,mouse,5
641,squirrel,2
642,deer,1
642,mouse,5
642,squirrel,2
643,deer,1
643,mouse,5
643,squirrel,2
644,deer,1
644,mouse,5
644,squirrel,2
645,deer,1
645,mouse,5
645,squirrel,2
646,deer,1
646,mouse,5
646,squirrel,2
647,deer,1
647,mouse,5
647,squirrel,2
648,deer,1
648,mouse,5
648,squirrel,2
649,deer,1
649,mouse,5
649,squirrel,2
650,deer,1
650,mouse,5
650,squirrel,2
651,deer,1
651,mouse,5
651,squirrel,2
652,deer,1
652,mouse,5
652,squirrel,2
653,deer,1
653,mouse,5
653,squirrel,2
654,deer,1
654,mouse,5
654,squirrel,2
655,deer,1
655,mouse,5
655,squirrel,2
656,deer,1
656,mouse,5
656,squirrel,2
657,deer,1
657,mouse,5
657,squirrel,2
658,deer,1
658,mouse,5
658,squirrel,2
659,deer,1
659,mouse,5
659,squirrel,2
660,deer,1
660,mouse,5
660,squirrel,2
661,deer,1
661,mouse,5
661,squirrel,2
662,deer,1
662,mouse,5
662,squirrel,2
663,deer,1
663,mouse,5
663,squirrel,2
664,deer,1
664,mouse,5
664,squirrel,2
665,deer,1
665,mouse,5
665,squirrel,2
666,deer,1
666,mouse,5
666,squirrel,2
667,deer,1
667,mouse,5
667,squirrel,2
668,deer,1
668,mouse,5
668,squirrel,2
669,deer,1
669,mouse,5
669,squirrel,2
670,deer,1
670,mouse,5
670,squirrel,2
671,deer,1
671,mouse,5
671,squirrel,2
672,deer,1
672,mouse,5
672,squirrel,2
673,deer,1
673,mouse,5
673,squirrel,2
674,deer,1
674,mouse,5
674,squirrel,2
675,deer,1
675,mouse,5
675,squirrel,2
676,deer,1
676,mouse,5
676,squirrel,2
677,deer,1
677,mouse,5
677,squirrel,2
678,deer,1
678,mouse,5
678,squirrel,2
679,deer,1
679,mouse,5
679,squirrel,2
680,deer,1
680,mouse,5
680,squirrel,2
681,deer,1
681,mouse,5
681,squirrel,2
682,deer,1
682,mouse,5
682,squirrel,2
683,deer,1
683,mouse,5
683,squirrel,2
684,deer,1
684,mouse,5
684,squirrel,2
685,deer,1
685,mouse,5
685,squirrel,2
686,deer,1
686,mouse,5
686,squirrel,2
687,deer,1
687,mouse,5
687,squirrel,2
688,deer,1
688,mouse,5
688,squirrel,2
689,deer,1
689,mouse,5
689,squirrel,2
690,deer,1
690,mouse,5
690,squirrel,2
691,deer,1
691,mouse,5
691,squirrel,2
692,deer,1
692,mouse,5
692,squirrel,2
693,deer,1
693,mouse,5
693,squirrel,2
694,deer,1
694,mouse,5
694,squirrel,2
695,deer,1
695,mouse,5
695,squirrel,2
696,deer,1
696,mouse,5
696,squirrel,2
697,deer,1
697,mouse,5
697,squirrel,2
698,deer,1
698,mouse,5
698,squirrel,2
699,deer,1
699,mouse,5
699,squirrel,2
700,deer,1
700,mouse,5
700,squirrel,2
701,deer,1
701,mouse,5
701,squirrel,2
702,deer,1
702,mouse,5
702,squirrel,2
703,deer,1
703,mouse,5
703,squirrel,2
704,deer,1
704,mouse,5
704,squirrel,2
705,deer,1
705,mouse,5
705,squirrel,2
706,deer,1
706,mouse,5
706,squirrel,2
707,deer,1
707,mouse,5
707,squirrel,2
708,deer,1
708,mouse,5
708,squirrel,2
709,deer,1
709,mouse,5
709,squirrel,2
710,deer,1
710,mouse,5
710,squirrel,2
711,deer,1
711,mouse,5
711,squirrel,2
712,deer,1
712,mouse,5
712,squirrel,2
713,deer,1
713,mouse,5
713,squirrel,2
714,deer,1
714,mouse,5
714,squirrel,2
715,deer,1
715,mouse,5
715,squirrel,2
716,deer,1
716,mouse,5
716,squirrel,2
717,deer,1
717,mouse,5
717,squirrel,2
718,deer,1
718,mouse,5
718,squirrel,2
719,deer,1
719,mouse,5
719,squirrel,2
720,deer,1
720,mouse,5
720,squirrel,2
721,deer,1
721,mouse,5
721,squirrel,2
722,deer,1
722,mouse,5
722,squirrel,2
723,deer,1
723,mouse,5
723,squirrel,2
724,deer,1
724,mouse,5
724,squirrel,2
725,deer,1
725,mouse,5
725,squirrel,2
726,deer,1
726,mouse,5
726,squirrel,2
727,deer,1
727,mouse,5
727,squirrel,2
728,deer,1
728,mouse,5
728,squirrel,2
729,deer,1
729,mouse,5
729,squirrel,2
730,deer,1
730,mouse,5
730,squirrel,2
731,deer,1
731,mouse,5
731,squirrel,2
732,deer,1
732,mouse,5
732,squirrel,2
733,deer,1
733,mouse,5
733,squirrel,2
734,deer,1
734,mouse,5
734,squirrel,2
735,deer,1
735,mouse,5
735,squirrel,2
736,deer,1
736,mouse,5
736,squirrel,2
737,deer,1
737,mouse,5
737,squirrel,2
738,deer,1
738,mouse,5
738,squirrel,2
739,deer,1
739,mouse,5
739,squirrel,2
740,deer,1
740,mouse,5
740,squirrel,2
741,deer,1
741,mouse,5
741,squirrel,2
742,deer,1
742,mouse,5
742,squirrel,2
743,deer,1
743,mouse,5
743,squirrel,2
744,deer,1
744,mouse,5
744,squirrel,2
745,deer,1
745,mouse,5
745,squirrel,2
746,deer,1
746,mouse,5
746,squirrel,2
747,deer,1
747,mouse,5
747,squirrel,2
748,deer,1
748,mouse,5
748,squirrel,2
749,deer,1
749,mouse,5
749,squirrel,2
750,deer,1
750,mouse,5
750,squirrel,2
751,deer,1
751,mouse,5
751,squirrel,2
752,deer,1
752,mouse,5
752,squirrel,2
753,deer,1
753,mouse,5
753,squirrel,2
754,deer,1
754,mouse,5
754,squirrel,2
755,deer,1
755,mouse,5
755,squirrel,2
756,deer,1
756,mouse,5
756,squirrel,2
757,deer,1
757,mouse,5
757,squirrel,2
758,deer,1
758,mouse,5
758,squirrel,2
759,deer,1
759,mouse,5
759,squirrel,2
760,deer,1
760,mouse,5
760,squirrel,2
761,deer,1
761,mouse,5
761,squirrel,2
762,deer,1
762,mouse,5
762,squirrel,2
763,deer,1
763,mouse,5
763,squirrel,2
764,deer,1
764,mouse,5
764,squirrel,2
765,deer,1
765,mouse,5
765,squirrel,2
766,deer,1
766,mouse,5
766,squirrel,2
767,deer,1
767,mouse,5
767,squirrel,2
768,deer,1
768,mouse,5
768,squirrel,2
769,deer,1
769,mouse,5
769,squirrel,2
770,deer,1
770,mouse,5
770,squirrel,2
771,deer,1
771,mouse,5
771,squirrel,2
772,deer,1
772,mouse,5
772,squirrel,2
773,deer,1
773,mouse,5
773,squirrel,2
774,deer,1
774,mouse,5
774,squirrel,2
775,deer,1
775,mouse,5
775,squirrel,2
776,deer,1
776,mouse,5
776,squirrel,2
777,deer,1
777,mouse,5
777,squirrel,2
778,deer,1
778,mouse,5
778,squirrel,2
779,deer,1
779,mouse,5
779,squirrel,2
780,deer,1
780,mouse,5
780,squirrel,2
781,deer,1
781,mouse,5
781,squirrel,2
782,deer,1
782,mouse,5
782,squirrel,2
783,deer,1
783,mouse,5
783,squirrel,2
784,deer,1
784,mouse,5
784,squirrel,2
785,deer,1
785,mouse,5
785,squirrel,2
786,deer,1
786,mouse,5
786,squirrel,2
787,deer,1
787,mouse,5
787,squirrel,2
788,deer,1
788,mouse,5
788,squirrel,2
789,deer,1
789,mouse,5
789,squirrel,2
790,deer,1
790,mouse,5
790,squirrel,2
791,deer,1
791,mouse,5
791,squirrel,2
792,deer,1
792,mouse,5
792,squirrel,2
793,deer,1
793,mouse,5
793,squirrel,2
794,deer,1
794,mouse,5
794,squirrel,2
795,deer,1
795,mouse,5
795,squirrel,2
796,deer,1
796,mouse,5
796,squirrel,2
797,deer,1
797,mouse,5
797,squirrel,2
798,deer,1
798,mouse,5
798,squirrel,2
799,deer,1
799,mouse,5
799,squirrel,2
800,deer,1
800,mouse,5
800,squirrel,2
801,deer,1
801,mouse,5
801,squirrel,2
802,deer,1
802,mouse,5
802,squirrel,2
803,deer,1
803,mouse,5
803,squirrel,2
804,deer,1
804,mouse,5
804,squirrel,2
805,deer,1
805,mouse,5
805,squirrel,2
806,deer,1
806,mouse,5
806,squirrel,2
807,deer,1
807,mouse,5
807,squirrel,2
808,deer,1
808,mouse,5
808,squirrel,2
809,deer,1
809,mouse,5
809,squirrel,2
810,deer,1
810,mouse,5
810,squirrel,2
811,deer,1
811,mouse,5
811,squirrel,2
812,deer,1
812,mouse,5
812,squirrel,2
813,deer,1
813,mouse,5
813,squirrel,2
814,deer,1
814,mouse,5
814,squirrel,2
815,deer,1
815,mouse,5
815,squirrel,2
816,deer,1
816,mouse,5
816,squirrel,2
817,deer,1
817,mouse,5
817,squirrel,2
818,deer,1
818,mouse,5
818,squirrel,2
819,deer,1
819,mouse,5
819,squirrel,2
820,deer,1
820,mouse,5
820,squirrel,2
821,deer,1
821,mouse,5
821,squirrel,2
822,deer,1
822,mouse,5
822,squirrel,2
823,deer,1
823,mouse,5
823,squirrel,2
824,deer,1
824,mouse,5
824,squirrel,2
825,deer,1
825,mouse,5
825,squirrel,2
826,deer,1
826,mouse,5
826,squirrel,2
827,deer,1
827,mouse,5
827,squirrel,2
828,deer,1
828,mouse,5
828,squirrel,2
829,deer,1
829,mouse,5
829,squirrel,2
830,deer,1
830,mouse,5
830,squirrel,2
831,deer,1
831,mouse,5
831,squirrel,2
832,deer,1
832,mouse,5
832,squirrel,2
833,deer,1
833,mouse,5
833,squirrel,2
834,deer,1
834,mouse,5
834,squirrel,2
835,deer,1
835,mouse,5
835,squirrel,2
836,deer,1
836,mouse,5
836,squirrel,2
837,deer,1
837,mouse,5
837,squirrel,2
838,deer,1
838,mouse,5
838,squirrel,2
839,deer,1
839,mouse,5
839,squirrel,2
840,deer,1
840,mouse,5
840,squirrel,2
841,deer,1
841,mouse,5
841,squirrel,2
842,deer,1
842,mouse,5
842,squirrel,2
843,deer,1
843,mouse,5
843,squirrel,2
844,deer,1
844,mouse,5
844,squirrel,2
845,deer,1
845,mouse,5
845,squirrel,2
846,deer,1
846,mouse,5
846,squirrel,2
847,deer,1
847,mouse,5
847,squirrel,2
848,deer,1
848,mouse,5
848,squirrel,2
849,deer,1
849,mouse,5
849,squirrel,2
850,deer,1
850,mouse,5
850,squirrel,2
851,deer,1
851,mouse,5
851,squirrel,2
852,deer,1
852,mouse,5
852,squirrel,2
853,deer,1
853,mouse,5
853,squirrel,2
854,deer,1
854,mouse,5
854,squirrel,2
855,deer,1
855,mouse,5
855,squirrel,2
856,deer,1
856,mouse,5
856,squirrel,2
857,deer,1
857,mouse,5
857,squirrel,2
858,deer,1
858,mouse,5
858,squirrel,2
859,deer,1
859,mouse,5
859,squirrel,2
860,deer,1
860,mouse,5
860,squirrel,2
861,deer,1
861,mouse,5
861,squirrel,2
862,deer,1
862,mouse,5
862,squirrel,2
863,deer,1
863,mouse,5
863,squirrel,2
864,deer,1
864,mouse,5
864,squirrel,2
865,deer,1
865,mouse,5
865,squirrel,2
866,deer,1
866,mouse,5
866,squirrel,2
867,deer,1
867,mouse,5
867,squirrel,2
868,deer,1
868,mouse,5
868,squirrel,2
869,deer,1
869,mouse,5
869,squirrel,2
870,deer,1
870,mouse,5
870,squirrel,2
871,deer,1
871,mouse,5
871,squirrel,2
872,deer,1
872,mouse,5
872,squirrel,2
873,deer,1
873,mouse,5
873,squirrel,2
874,deer,1
874,mouse,5
874,squirrel,2
875,deer,1
875,mouse,5
875,squirrel,2
876,deer,1
876,mouse,5
876,squirrel,2
877,deer,1
877,mouse,5
877,squirrel,2
878,deer,1
878,mouse,5
878,squirrel,2
879,deer,1
879,mouse,5
879,squirrel,2
880,deer,1
880,mouse,5
880,squirrel,2
881,deer,1
881,mouse,5
881,squirrel,2
882,deer,1
882,mouse,5
882,squirrel,2
883,deer,1
883,mouse,5
883,squirrel,2
884,deer,1
884,mouse,5
884,squirrel,2
885,deer,1
885,mouse,5
885,squirrel,2
886,deer,1
886,mouse,5
886,squirrel,2
887,deer,1
887,mouse,5
887,squirrel,2
888,deer,1
888,mouse,5
888,squirrel,2
889,deer,1
889,mouse,5
889,squirrel,2
890,deer,1
890,mouse,5
890,squirrel,2
891,deer,1
891,mouse,5
891,squirrel,2
892,deer,1
892,mouse,5
892,squirrel,2
893,deer,1
893,mouse,5
893,squirrel,2
894,deer,1
894,mouse,5
894,squirrel,2
895,deer,1
895,mouse,5
895,squirrel,2
896,deer,1
896,mouse,5
896,squirrel,2
897,deer,1
897,mouse,5
897,squirrel,2
898,deer,1
898,mouse,5
898,squirrel,2
899,deer,1
899,mouse,5
899,squirrel,2
900,deer,1
900,mouse,5
900,squirrel,2
901,deer,1
901,mouse,5
901,squirrel,2
902,deer,1
902,mouse,5
902,squirrel,2
903,deer,1
903,mouse,5
903,squirrel,2
904,deer,1
904,mouse,5
904,squirrel,2
905,deer,1
905,mouse,5
905,squirrel,2
906,deer,1
906,mouse,5
906,squirrel,2
907,deer,1
907,mouse,5
907,squirrel,2
908,deer,1
908,mouse,5
908,squirrel,2
909,deer,1
909,mouse,5
909,squirrel,2
910,deer,1
910,mouse,5
910,squirrel,2
911,deer,1
911,mouse,5
911,squirrel,2
912,deer,1
912,mouse,5
912,squirrel,2
913,deer,1
913,mouse,5
913,squirrel,2
914,deer,1
914,mouse,5
914,squirrel,2
915,deer,1
915,mouse,5
915,squirrel,2
916,deer,1
916,mouse,5
916,squirrel,2
917,deer,1
917,mouse,5
917,squirrel,2
918,deer,1
918,mouse,5
918,squirrel,2
919,deer,1
919,mouse,5
919,squirrel,2
920,deer,1
920,mouse,5
920,squirrel,2
921,deer,1
921,mouse,5
921,squirrel,2
922,deer,1
922,mouse,5
922,squirrel,2
923,deer,1
923,mouse,5
923,squirrel,2
924,deer,1
924,mouse,5
924,squirrel,2
925,deer,1
925,mouse,5
925,squirrel,2
926,deer,1
926,mouse,5
926,squirrel,2
927,deer,1
927,mouse,5
927,squirrel,2
928,deer,1
928,mouse,5
928,squirrel,2
929,deer,1
929,mouse,5
929,squirrel,2
930,deer,1
930,mouse,5
930,squirrel,2
931,deer,1
931,mouse,5
931,squirrel,2
932,deer,1
932,mouse,5
932,squirrel,2
933,deer,1
933,mouse,5
933,squirrel,2
934,deer,1
934,mouse,5
934,squirrel,2
935,deer,1
935,mouse,5
935,squirrel,2
936,deer,1
936,mouse,5
936,squirrel,2
937,deer,1
937,mouse,5
937,squirrel,2
938,deer,1
938,mouse,5
938,squirrel,2
939,deer,1
939,mouse,5
939,squirrel,2
940,deer,1
940,mouse,5
940,squirrel,2
941,deer,1
941,mouse,5
941,squirrel,2
942,deer,1
942,mouse,5
942,squirrel,2
943,deer,1
943,mouse,5
943,squirrel,2
944,deer,1
944,mouse,5
944,squirrel,2
945,deer,1
945,mouse,5
945,squirrel,2
946,deer,1
946,mouse,5
946,squirrel,2
947,deer,1
947,mouse,5
947,squirrel,2
948,deer,1
948,mouse,5
948,squirrel,2
949,deer,1
949,mouse,5
949,squirrel,2
950,deer,1
950,mouse,5
950,squirrel,2
951,deer,1
951,mouse,5
951,squirrel,2
952,deer,1
952,mouse,5
952,squirrel,2
953,deer,1
953,mouse,5
953,squirrel,2
954,deer,1
954,mouse,5
954,squirrel,2
955,deer,1
955,mouse,5
955,squirrel,2
956,deer,1
956,mouse,5
956,squirrel,2
957,deer,1
957,mouse,5
957,squirrel,2
958,deer,1
958,mouse,5
958,squirrel,2
959,deer,1
959,mouse,5
959,squirrel,2
960,deer,1
960,mouse,5
960,squirrel,2
961,deer,1
961,mouse,5
961,squirrel,2
962,deer,1
962,mouse,5
962,squirrel,2
963,deer,1
963,mouse,5
963,squirrel,2
964,deer,1
964,mouse,5
964,squirrel,2
965,deer,1
965,mouse,5
965,squirrel,2
966,deer,1
966,mouse,5
966,squirrel,2
967,deer,1
967,mouse,5
967,squirrel,2
968,deer,1
968,mouse,5
968,squirrel,2
969,deer,1
969,mouse,5
969,squirrel,2
970,deer,1
970,mouse,5
970,squirrel,2
971,deer,1
971,mouse,5
971,squirrel,2
972,deer,1
972,mouse,5
972,squirrel,2
973,deer,1
973,mouse,5
973,squirrel,2
974,deer,1
974,mouse,5
974,squirrel,2
975,deer,1
975,mouse,5
975,squirrel,2
976,deer,1
976,mouse,5
976,squirrel,2
977,deer,1
977,mouse,5
977,squirrel,2
978,deer,1
978,mouse,5
978,squirrel,2
979,deer,1
979,mouse,5
979,squirrel,2
980,deer,1
980,mouse,5
980,squirrel,2
981,deer,1
981,mouse,5
981,squirrel,2
982,deer,1
982,mouse,5
982,squirrel,2
983,deer,1
983,mouse,5
983,squirrel,2
984,deer,1
984,mouse,5
984,squirrel,2
985,deer,1
985,mouse,5
985,squirrel,2
986,deer,1
986,mouse,5
986,squirrel,2
987,deer,1
987,mouse,5
987,squirrel,2
988,deer,1
988,mouse,5
988,squirrel,2
989,deer,1
989,mouse,5
989,squirrel,2
990,deer,1
990,mouse,5
990,squirrel,2
991,deer,1
991,mouse,5
991,squirrel,2
992,deer,1
992,mouse,5
992,squirrel,2
993,deer,1
993,mouse,5
993,squirrel,2
994,deer,1
994,mouse,5
994,squirrel,2
995,deer,1
995,mouse,5
995,squirrel,2
996,deer,1
996,mouse,5
996,squirrel,2
997,deer,1
997,mouse,5
997,squirrel,2
998,deer,1
998,mouse,5
998,squirrel,2
999,deer,1
999,mouse,5
999,squirrel,2
1000,deer,1
1000,mouse,5
1000,squirrel,2
1001,deer,1
1001,mouse,5
1001,squirrel,2
1002,deer,1
1002,mouse,5
1002,squirrel,2
1003,deer,1
1003,mouse,5
1003,squirrel,2
1004,deer,1
1004,mouse,5
1004,squirrel,2
1005,deer,1
1005,mouse,5
1005,squirrel,2
1006,deer,1
1006,mouse,5
1006,squirrel,2
1007,deer,1
1007,mouse,5
1007,squirrel,2
1008,deer,1
1008,mouse,5
1008,squirrel,2
1009,deer,1
1009,mouse,5
1009,squirrel,2
1010,deer,1
1010,mouse,5
1010,squirrel,2
1011,deer,1
1011,mouse,5
1011,squirrel,2
1012,deer,1
1012,mouse,5
1012,squirrel,2
1013,deer,1
1013,mouse,5
1013,squirrel,2
1014,deer,1
1014,mouse,5
1014,squirrel,2
1015,deer,1
1015,mouse,5
1015,squirrel,2
1016,deer,1
1016,mouse,5
1016,squirrel,2
1017,deer,1
1017,mouse,5
1017,squirrel,2
1018,deer,1
1018,mouse,5
1018,squirrel,2
1019,deer,1
1019,mouse,5
1019,squirrel,2
1020,deer,1
1020,mouse,5
1020,squirrel,2
1021,deer,1
1021,mouse,5
1021,squirrel,2
1022,deer,1
1022,mouse,5
1022,squirrel,2
1023,deer,1
1023,mouse,5
1023,squirrel,2
1024,deer,1
1024,mouse,5
1024,squirrel,2
1025,deer,1
1025,mouse,5
1025,squirrel,2
1026,deer,1
1026,mouse,5
1026,squirrel,2
1027,deer,1
1027,mouse,5
1027,squirrel,2
1028,deer,1
1028,mouse,5
1028,squirrel,2
1029,deer,1
1029,mouse,5
1029,squirrel,2
1030,deer,1
1030,mouse,5
1030,squirrel,2
1031,deer,1
1031,mouse,5
1031,squirrel,2
1032,deer,1
1032,mouse,5
1032,squirrel,2
1033,deer,1
1033,mouse,5
1033,squirrel,2
1034,deer,1
1034,mouse,5
1034,squirrel,2
1035,deer,1
1035,mouse,5
1035,squirrel,2
1036,deer,1
1036,mouse,5
1036,squirrel,2
1037,deer,1
1037,mouse,5
1037,squirrel,2
1038,deer,1
1038,mouse,5
1038,squirrel,2
1039,deer,1
1039,mouse,5
1039,squirrel,2
1040,deer,1
1040,mouse,5
1040,squirrel,2
1041,deer,1
1041,mouse,5
1041,squirrel,2
1042,deer,1
1042,mouse,5
1042,squirrel,2
1043,deer,1
1043,mouse,5
1043,squirrel,2
1044,deer,1
1044,mouse,5
1044,squirrel,2
1045,deer,1
1045,mouse,5
1045,squirrel,2
1046,deer,1
1046,mouse,5
1046,squirrel,2
1047,deer,1
1047,mouse,5
1047,squirrel,2
1048,deer,1
1048,mouse,5
1048,squirrel,2
1049,deer,1
1049,mouse,5
1049,squirrel,2
1050,deer,1
1050,mouse,5
1050,squirrel,2
1051,deer,1
1051,mouse,5
1051,squirrel,2
1052,deer,1
1052,mouse,5
1052,squirrel,2
1053,deer,1
1053,mouse,5
1053,squirrel,2
1054,deer,1
1054,mouse,5
1054,squirrel,2
1055,deer,1
1055,mouse,5
1055,squirrel,2
1056,deer,1
1056,mouse,5
1056,squirrel,2
1057,deer,1
1057,mouse,5
1057,squirrel,2
1058,deer,1
1058,mouse,5
1058,squirrel,2
1059,deer,1
1059,mouse,5
1059,squirrel,2
1060,deer,1
1060,mouse,5
1060,squirrel,2
1061,deer,1
1061,mouse,5
1061,squirrel,2
1062,deer,1
1062,mouse,5
1062,squirrel,2
1063,deer,1
1063,mouse,5
1063,squirrel,2
1064,deer,1
1064,mouse,5
1064,squirrel,2
1065,deer,1
1065,mouse,5
1065,squirrel,2
1066,deer,1
1066,mouse,5
1066,squirrel,2
1067,deer,1
1067,mouse,5
1067,squirrel,2
1068,deer,1
1068,mouse,5
1068,squirrel,2
1069,deer,1
1069,mouse,5
1069,squirrel,2
1070,deer,1
1070,mouse,5
1070,squirrel,2
1071,deer,1
1071,mouse,5
1071,squirrel,2
1072,deer,1
1072,mouse,5
1072,squirrel,2
1073,deer,1
1073,mouse,5
1073,squirrel,2
1074,deer,1
1074,mouse,5
1074,squirrel,2
1075,deer,1
1075,mouse,5
1075,squirrel,2
1076,deer,1
1076,mouse,5
1076,squirrel,2
1077,deer,1
1077,mouse,5
1077,squirrel,2
1078,deer,1
1078,mouse,5
1078,squirrel,2
1079,deer,1
1079,mouse,5
1079,squirrel,2
1080,deer,1
1080,mouse,5
1080,squirrel,2
1081,deer,1
1081,mouse,5
1081,squirrel,2
1082,deer,1
1082,mouse,5
1082,squirrel,2
1083,deer,1
1083,mouse,5
1083,squirrel,2
1084,deer,1
1084,mouse,5
1084,squirrel,2
1085,deer,1
1085,mouse,5
1085,squirrel,2
1086,deer,1
1086,mouse,5
1086,squirrel,2
1087,deer,1
1087,mouse,5
1087,squirrel,2
1088,deer,1
1088,mouse,5
1088,squirrel,2
1089,deer,1
1089,mouse,5
1089,squirrel,2
1090,deer,1
1090,mouse,5
1090,squirrel,2
1091,deer,1
1091,mouse,5
1091,squirrel,2
1092,deer,1
1092,mouse,5
1092,squirrel,2
1093,deer,1
1093,mouse,5
1093,squirrel,2
1094,deer,1
1094,mouse,5
1094,squirrel,2
1095,deer,1
1095,mouse,5
1095,squirrel,2
1096,deer,1
1096,mouse,5
1096,squirrel,2
1097,deer,1
1097,mouse,5
1097,squirrel,2
1098,deer,1
1098,mouse,5
1098,squirrel,2
1099,deer,1
1099,mouse,5
1099,squirrel,2
1100,deer,1
1100,mouse,5
1100,squirrel,2
1101,deer,1
1101,mouse,5
1101,squirrel,2
1102,deer,1
1102,mouse,5
1102,squirrel,2
1103,deer,1
1103,mouse,5
1103,squirrel,2
1104,deer,1
1104,mouse,5
1104,squirrel,2
1105,deer,1
1105,mouse,5
1105,squirrel,2
1106,deer,1
1106,mouse,5
1106,squirrel,2
1107,deer,1
1107,mouse,5
1107,squirrel,2
1108,deer,1
1108,mouse,5
1108,squirrel,2
1109,deer,1
1109,mouse,5
1109,squirrel,2
1110,deer,1
1110,mouse,5
1110,squirrel,2
1111,deer,1
1111,mouse,5
1111,squirrel,2
1112,deer,1
1112,mouse,5
1112,squirrel,2
1113,deer,1
1113,mouse,5
1113,squirrel,2
1114,deer,1
1114,mouse,5
1114,squirrel,2
1115,deer,1
1115,mouse,5
1115,squirrel,2
1116,deer,1
1116,mouse,5
1116,squirrel,2
1117,deer,1
1117,mouse,5
1117,squirrel,2
1118,deer,1
1118,mouse,5
1118,squirrel,2
1119,deer,1
1119,mouse,5
1119,squirrel,2
1120,deer,1
1120,mouse,5
1120,squirrel,2
1121,deer,1
1121,mouse,5
1121,squirrel,2
1122,deer,1
1122,mouse,5
1122,squirrel,2
1123,deer,1
1123,mouse,5
1123,squirrel,2
1124,deer,1
1124,mouse,5
1124,squirrel,2
1125,deer,1
1125,mouse,5
1125,squirrel,2
1126,deer,1
1126,mouse,5
1126,squirrel,2
1127,deer,1
1127,mouse,5
1127,squirrel,2
1128,deer,1
1128,mouse,5
1128,squirrel,2
1129,deer,1
1129,mouse,5
1129,squirrel,2
1130,deer,1
1130,mouse,5
1130,squirrel,2
1131,deer,1
1131,mouse,5
1131,squirrel,2
1132,deer,1
1132,mouse,5
1132,squirrel,2
1133,deer,1
1133,mouse,5
1133,squirrel,2
1134,deer,1
1134,mouse,5
1134,squirrel,2
1135,deer,1
1135,mouse,5
1135,squirrel,2
1136,deer,1
1136,mouse,5
1136,squirrel,2
1137,deer,1
1137,mouse,5
1137,squirrel,2
1138,deer,1
1138,mouse,5
1138,squirrel,2
1139,deer,1
1139,mouse,5
1139,squirrel,2
1140,deer,1
1140,mouse,5
1140,squirrel,2
1141,deer,1
1141,mouse,5
1141,squirrel,2
1142,deer,1
1142,mouse,5
1142,squirrel,2
1143,deer,1
1143,mouse,5
1143,squirrel,2
1144,deer,1
1144,mouse,5
1144,squirrel,2
1145,deer,1
1145,mouse,5
1145,squirrel,2
1146,deer,1
1146,mouse,5
1146,squirrel,2
1147,deer,1
1147,mouse,5
1147,squirrel,2
1148,deer,1
1148,mouse,5
1148,squirrel,2
1149,deer,1
1149,mouse,5
1149,squirrel,2
1150,deer,1
1150,mouse,5
1150,squirrel,2
1151,deer,1
1151,mouse,5
1151,squirrel,2
1152,deer,1
1152,mouse,5
1152,squirrel,2
1153,deer,1
1153,mouse,5
1153,squirrel,2
1154,deer,1
1154,mouse,5
1154,squirrel,2
1155,deer,1
1155,mouse,5
1155,squirrel,2
1156,deer,1
1156,mouse,5
1156,squirrel,2
1157,deer,1
1157,mouse,5
1157,squirrel,2
1158,deer,1
1158,mouse,5
1158,squirrel,2
1159,deer,1
1159,mouse,5
1159,squirrel,2
1160,deer,1
1160,mouse,5
1160,squirrel,2
1161,deer,1
1161,mouse,5
1161,squirrel,2
1162,deer,1
1162,mouse,5
1162,squirrel,2
1163,deer,1
1163,mouse,5
1163,squirrel,2
1164,deer,1
1164,mouse,5
1164,squirrel,2
1165,deer,1
1165,mouse,5
1165,squirrel,2
1166,deer,1
1166,mouse,5
1166,squirrel,2
1167,deer,1
1167,mouse,5
1167,squirrel,2
1168,deer,1
1168,mouse,5
1168,squirrel,2
1169,deer,1
1169,mouse,5
1169,squirrel,2
1170,deer,1
1170,mouse,5
1170,squirrel,2
1171,deer,1
1171,mouse,5
1171,squirrel,2
1172,deer,1
1172,mouse,5
1172,squirrel,2
1173,deer,1
1173,mouse,5
1173,squirrel,2
1174,deer,1
1174,mouse,5
1174,squirrel,2
1175,deer,1
1175,mouse,5
1175,squirrel,2
1176,deer,1
1176,mouse,5
1176,squirrel,2
1177,deer,1
1177,mouse,5
1177,squirrel,2
1178,deer,1
1178,mouse,5
1178,squirrel,2
1179,deer,1
1179,mouse,5
1179,squirrel,2
1180,deer,1
1180,mouse,5
1180,squirrel,2
1181,deer,1
1181,mouse,5
1181,squirrel,2
1182,deer,1
1182,mouse,5
1182,squirrel,2
1183,deer,1
1183,mouse,5
1183,squirrel,2
1184,deer,1
1184,mouse,5
1184,squirrel,2
1185,deer,1
1185,mouse,5
1185,squirrel,2
1186,deer,1
1186,mouse,5
1186,squirrel,2
1187,deer,1
1187,mouse,5
1187,squirrel,2
1188,deer,1
1188,mouse,5
1188,squirrel,2
1189,deer,1
1189,mouse,5
1189,squirrel,2
1190,deer,1
1190,mouse,5
1190,squirrel,2
1191,deer,1
1191,mouse,5
1191,squirrel,2
1192,deer,1
1192,mouse,5
1192,squirrel,2
1193,deer,1
1193,mouse,5
1193,squirrel,2
1194,deer,1
1194,mouse,5
1194,squirrel,2
1195,deer,1
1195,mouse,5
1195,squirrel,2
1196,deer,1
1196,mouse,5
1196,squirrel,2
1197,deer,1
1197,mouse,5
1197,squirrel,2
1198,deer,1
1198,mouse,5
1198,squirrel,2
1199,deer,1
1199,mouse,5
1199,squirrel,2
1200,deer,1
1200,mouse,5
1200,squirrel,2
1201,deer,1
1201,mouse,5
1201,squirrel,2
1202,deer,1
1202,mouse,5
1202,squirrel,2
1203,deer,1
1203,mouse,5
1203,squirrel,2
1204,deer,1
1204,mouse,5
1204,squirrel,2
1205,deer,1
1205,mouse,5
1205,squirrel,2
1206,deer,1
1206,mouse,5
1206,squirrel,2
1207,deer,1
1207,mouse,5
1207,squirrel,2
1208,deer,1
1208,mouse,5
1208,squirrel,2
1209,deer,1
1209,mouse,5
1209,squirrel,2
1210,deer,1
1210,mouse,5
1210,squirrel,2
1211,deer,1
1211,mouse,5
1211,squirrel,2
1212,deer,1
1212,mouse,5
1212,squirrel,2
1213,deer,1
1213,mouse,5
1213,squirrel,2
1214,deer,1
1214,mouse,5
1214,squirrel,2
1215,deer,1
1215,mouse,5
1215,squirrel,2
1216,deer,1
1216,mouse,5
1216,squirrel,2
1217,deer,1
1217,mouse,5
1217,squirrel,2
1218,deer,1
1218,mouse,5
1218,squirrel,2
1219,deer,1
1219,mouse,5
1219,squirrel,2
1220,deer,1
1220,mouse,5
1220,squirrel,2
1221,deer,1
1221,mouse,5
1221,squirrel,2
1222,deer,1
1222,mouse,5
1222,squirrel,2
1223,deer,1
1223,mouse,5
1223,squirrel,2
1224,deer,1
1224,mouse,5
1224,squirrel,2
1225,deer,1
1225,mouse,5
1225,squirrel,2
1226,deer,1
1226,mouse,5
1226,squirrel,2
1227,deer,1
1227,mouse,5
1227,squirrel,2
1228,deer,1
1228,mouse,5
1228,squirrel,2
1229,deer,1
1229,mouse,5
1229,squirrel,2
1230,deer,1
1230,mouse,5
1230,squirrel,2
1231,deer,1
1231,mouse,5
1231,squirrel,2
1232,deer,1
1232,mouse,5
1232,squirrel,2
1233,deer,1
1233,mouse,5
1233,squirrel,2
1234,deer,1
1234,mouse,5
1234,squirrel,2
1235,deer,1
1235,mouse,5
1235,squirrel,2
1236,deer,1
1236,mouse,5
1236,squirrel,2
1237,deer,1
1237,mouse,5
1237,squirrel,2
1238,deer,1
1238,mouse,5
1238,squirrel,2
1239,deer,1
1239,mouse,5
1239,squirrel,2
1240,deer,1
1240,mouse,5
1240,squirrel,2
1241,deer,1
1241,mouse,5
1241,squirrel,2
1242,deer,1
1242,mouse,5
1242,squirrel,2
1243,deer,1
1243,mouse,5
1243,squirrel,2
1244,deer,1
1244,mouse,5
1244,squirrel,2
1245,deer,1
1245,mouse,5
1245,squirrel,2
1246,deer,1
1246,mouse,5
1246,squirrel,2
1247,deer,1
1247,mouse,5
1247,squirrel,2
1248,deer,1
1248,mouse,5
1248,squirrel,2
1249,deer,1
1249,mouse,5
1249,squirrel,2
1250,deer,1
1250,mouse,5
1250,squirrel,2
1251,deer,1
1251,mouse,5
1251,squirrel,2
1252,deer,1
1252,mouse,5
1252,squirrel,2
1253,deer,1
1253,mouse,5
1253,squirrel,2
1254,deer,1
1254,mouse,5
1254,squirrel,2
1255,deer,1
1255,mouse,5
1255,squirrel,2
1256,deer,1
1256,mouse,5
1256,squirrel,2
1257,deer,1
1257,mouse,5
1257,squirrel,2
1258,deer,1
1258,mouse,5
1258,squirrel,2
1259,deer,1
1259,mouse,5
1259,squirrel,2
1260,deer,1
1260,mouse,5
1260,squirrel,2
1261,deer,1
1261,mouse,5
1261,squirrel,2
1262,deer,1
1262,mouse,5
1262,squirrel,2
1263,deer,1
1263,mouse,5
1263,squirrel,2
1264,deer,1
1264,mouse,5
1264,squirrel,2
1265,deer,1
1265,mouse,5
1265,squirrel,2
1266,deer,1
1266,mouse,5
1266,squirrel,2
1267,deer,1
1267,mouse,5
1267,squirrel,2
1268,deer,1
1268,mouse,5
1268,squirrel,2
1269,deer,1
1269,mouse,5
1269,squirrel,2
1270,deer,1
1270,mouse,5
1270,squirrel,2
1271,deer,1
1271,mouse,5
1271,squirrel,2
1272,deer,1
1272,mouse,5
1272,squirrel,2
1273,deer,1
1273,mouse,5
1273,squirrel,2
1274,deer,1
1274,mouse,5
1274,squirrel,2
1275,deer,1
1275,mouse,5
1275,squirrel,2
1276,deer,1
1276,mouse,5
1276,squirrel,2
1277,deer,1
1277,mouse,5
1277,squirrel,2
1278,deer,1
1278,mouse,5
1278,squirrel,2
1279,deer,1
1279,mouse,5
1279,squirrel,2
1280,deer,1
1280,mouse,5
1280,squirrel,2
1281,deer,1
1281,mouse,5
1281,squirrel,2
1282,deer,1
1282,mouse,5
1282,squirrel,2
1283,deer,1
1283,mouse,5
1283,squirrel,2
1284,deer,1
1284,mouse,5
1284,squirrel,2
1285,deer,1
1285,mouse,5
1285,squirrel,2
1286,deer,1
1286,mouse,5
1286,squirrel,2
1287,deer,1
1287,mouse,5
1287,squirrel,2
1288,deer,1
1288,mouse,5
1288,squirrel,2
1289,deer,1
1289,mouse,5
1289,squirrel,2
1290,deer,1
1290,mouse,5
1290,squirrel,2
1291,deer,1
1291,mouse,5
1291,squirrel,2
1292,deer,1
1292,mouse,5
1292,squirrel,2
1293,deer,1
1293,mouse,5
1293,squirrel,2
1294,deer,1
1294,mouse,5
1294,squirrel,2
1295,deer,1
1295,mouse,5
1295,squirrel,2
1296,deer,1
1296,mouse,5
1296,squirrel,2
1297,deer,1
1297,mouse,5
1297,squirrel,2
1298,deer,1
1298,mouse,5
1298,squirrel,2
1299,deer,1
1299,mouse,5
1299,squirrel,2
1300,deer,1
1300,mouse,5
1300,squirrel,2
1301,deer,1
1301,mouse,5
1301,squirrel,2
1302,deer,1
1302,mouse,5
1302,squirrel,2
1303,deer,1
1303,mouse,5
1303,squirrel,2
1304,deer,1
1304,mouse,5
1304,squirrel,2
1305,deer,1
1305,mouse,5
1305,squirrel,2
1306,deer,1
1306,mouse,5
1306,squirrel,2
1307,deer,1
1307,mouse,5
1307,squirrel,2
1308,deer,1
1308,mouse,5
1308,squirrel,2
1309,deer,1
1309,mouse,5
1309,squirrel,2
1310,deer,1
1310,mouse,5
1310,squirrel,2
1311,deer,1
1311,mouse,5
1311,squirrel,2
1312,deer,1
1312,mouse,5
1312,squirrel,2
1313,deer,1
1313,mouse,5
1313,squirrel,2
1314,deer,1
1314,mouse,5
1314,squirrel,2
1315,deer,1
1315,mouse,5
1315,squirrel,2
1316,deer,1
1316,mouse,5
1316,squirrel,2
1317,deer,1
1317,mouse,5
1317,squirrel,2
1318,deer,1
1318,mouse,5
1318,squirrel,2
1319,deer,1
1319,mouse,5
1319,squirrel,2
1320,deer,1
1320,mouse,5
1320,squirrel,2
1321,deer,1
1321,mouse,5
1321,squirrel,2
1322,deer,1
1322,mouse,5
1322,squirrel,2
1323,deer,1
1323,mouse,5
1323,squirrel,2
1324,deer,1
1324,mouse,5
1324,squirrel,2
1325,deer,1
1325,mouse,5
1325,squirrel,2
1326,deer,1
1326,mouse,5
1326,squirrel,2
1327,deer,1
1327,mouse,5
1327,squirrel,2
1328,deer,1
1328,mouse,5
1328,squirrel,2
1329,deer,1
1329,mouse,5
1329,squirrel,2
1330,deer,1
1330,mouse,5
1330,squirrel,2
1331,deer,1
1331,mouse,5
1331,squirrel,2
1332,deer,1
1332,mouse,5
1332,squirrel,2
1333,deer,1
1333,mouse,5
1333,squirrel,2
1334,deer,1
1334,mouse,5
1334,squirrel,2
1335,deer,1
1335,mouse,5
1335,squirrel,2
1336,deer,1
1336,mouse,5
1336,squirrel,2
1337,deer,1
1337,mouse,5
1337,squirrel,2
1338,deer,1
1338,mouse,5
1338,squirrel,2
1339,deer,1
1339,mouse,5
1339,squirrel,2
1340,deer,1
1340,mouse,5
1340,squirrel,2
1341,deer,1
1341,mouse,5
1341,squirrel,2
1342,deer,1
1342,mouse,5
1342,squirrel,2
1343,deer,1
1343,mouse,5
1343,squirrel,2
1344,deer,1
1344,mouse,5
1344,squirrel,2
1345,deer,1
1345,mouse,5
1345,squirrel,2
1346,deer,1
1346,mouse,5
1346,squirrel,2
1347,deer,1
1347,mouse,5
1347,squirrel,2
1348,deer,1
1348,mouse,5
1348,squirrel,2
1349,deer,1
1349,mouse,5
1349,squirrel,2
1350,deer,1
1350,mouse,5
1350,squirrel,2
1351,deer,1
1351,mouse,5
1351,squirrel,2
1352,deer,1
1352,mouse,5
1352,squirrel,2
1353,deer,1
1353,mouse,5
1353,squirrel,2
1354,deer,1
1354,mouse,5
1354,squirrel,2
1355,deer,1
1355,mouse,5
1355,squirrel,2
1356,deer,1
1356,mouse,5
1356,squirrel,2
1357,deer,1
1357,mouse,5
1357,squirrel,2
1358,deer,1
1358,mouse,5
1358,squirrel,2
1359,deer,1
1359,mouse,5
1359,squirrel,2
1360,deer,1
1360,mouse,5
1360,squirrel,2
1361,deer,1
1361,mouse,5
1361,squirrel,2
1362,deer,1
1362,mouse,5
1362,squirrel,2
1363,deer,1
1363,mouse,5
1363,squirrel,2
1364,deer,1
1364,mouse,5
1364,squirrel,2
1365,deer,1
1365,mouse,5
1365,squirrel,2
1366,deer,1
1366,mouse,5
1366,squirrel,2
1367,deer,1
1367,mouse,5
1367,squirrel,2
1368,deer,1
1368,mouse,5
1368,squirrel,2
1369,deer,1
1369,mouse,5
1369,squirrel,2
1370,deer,1
1370,mouse,5
1370,squirrel,2
1371,deer,1
1371,mouse,5
1371,squirrel,2
1372,deer,1
1372,mouse,5
1372,squirrel,2
1373,deer,1
1373,mouse,5
1373,squirrel,2
1374,deer,1
1374,mouse,5
1374,squirrel,2
1375,deer,1
1375,mouse,5
1375,squirrel,2
1376,deer,1
1376,mouse,5
1376,squirrel,2
1377,deer,1
1377,mouse,5
1377,squirrel,2
1378,deer,1
1378,mouse,5
1378,squirrel,2
1379,deer,1
1379,mouse,5
1379,squirrel,2
1380,deer,1
1380,mouse,5
1380,squirrel,2
1381,deer,1
1381,mouse,5
1381,squirrel,2
1382,deer,1
1382,mouse,5
1382,squirrel,2
1383,deer,1
1383,mouse,5
1383,squirrel,2
1384,deer,1
1384,mouse,5
1384,squirrel,2
1385,deer,1
1385,mouse,5
1385,squirrel,2
1386,deer,1
1386,mouse,5
1386,squirrel,2
1387,deer,1
1387,mouse,5
1387,squirrel,2
1388,deer,1
1388,mouse,5
1388,squirrel,2
1389,deer,1
1389,mouse,5
1389,squirrel,2
1390,deer,1
1390,mouse,5
1390,squirrel,2
1391,deer,1
1391,mouse,5
1391,squirrel,2
1392,deer,1
1392,mouse,5
1392,squirrel,2
1393,deer,1
1393,mouse,5
1393,squirrel,2
1394,deer,1
1394,mouse,5
1394,squirrel,2
1395,deer,1
1395,mouse,5
1395,squirrel,2
1396,deer,1
1396,mouse,5
1396,squirrel,2
1397,deer,1
1397,mouse,5
1397,squirrel,2
1398,deer,1
1398,mouse,5
1398,squirrel,2
1399,deer,1
1399,mouse,5
1399,squirrel,2
1400,deer,1
1400,mouse,5
1400,squirrel,2
1401,deer,1
1401,mouse,5
1401,squirrel,2
1402,deer,1
1402,mouse,5
1402,squirrel,2
1403,deer,1
1403,mouse,5
1403,squirrel,2
1404,deer,1
1404,mouse,5
1404,squirrel,2
1405,deer,1
1405,mouse,5
1405,squirrel,2
1406,deer,1
1406,mouse,5
1406,squirrel,2
1407,deer,1
1407,mouse,5
1407,squirrel,2
1408,deer,1
1408,mouse,5
1408,squirrel,2
1409,deer,1
1409,mouse,5
1409,squirrel,2
1410,deer,1
1410,mouse,5
1410,squirrel,2
1411,deer,1
1411,mouse,5
1411,squirrel,2
1412,deer,1
1412,mouse,5
1412,squirrel,2
1413,deer,1
1413,mouse,5
1413,squirrel,2
1414,deer,1
1414,mouse,5
1414,squirrel,2
1415,deer,1
1415,mouse,5
1415,squirrel,2
1416,deer,1
1416,mouse,5
1416,squirrel,2
1417,deer,1
1417,mouse,5
1417,squirrel,2
1418,deer,1
1418,mouse,5
1418,squirrel,2
1419,deer,1
1419,mouse,5
1419,squirrel,2
1420,deer,1
1420,mouse,5
1420,squirrel,2
1421,deer,1
1421,mouse,5
1421,squirrel,2
1422,deer,1
1422,mouse,5
1422,squirrel,2
1423,deer,1
1423,mouse,5
1423,squirrel,2
1424,deer,1
1424,mouse,5
1424,squirrel,2
1425,deer,1
1425,mouse,5
1425,squirrel,2
1426,deer,1
1426,mouse,5
1426,squirrel,2
1427,deer,1
1427,mouse,5
1427,squirrel,2
1428,deer,1
1428,mouse,5
1428,squirrel,2
1429,deer,1
1429,mouse,5
1429,squirrel,2
1430,deer,1
1430,mouse,5
1430,squirrel,2
1431,deer,1
1431,mouse,5
1431,squirrel,2
1432,deer,1
1432,mouse,5
1432,squirrel,2
1433,deer,1
1433,mouse,5
1433,squirrel,2
1434,deer,1
1434,mouse,5
1434,squirrel,2
1435,deer,1
1435,mouse,5
1435,squirrel,2
1436,deer,1
1436,mouse,5
1436,squirrel,2
1437,deer,1
1437,mouse,5
1437,squirrel,2
1438,deer,1
1438,mouse,5
1438,squirrel,2
1439,deer,1
1439,mouse,5
1439,squirrel,2
1440,deer,1
1440,mouse,5
1440,squirrel,2
1441,deer,1
1441,mouse,5
1441,squirrel,2
1442,deer,1
1442,mouse,5
1442,squirrel,2
1443,deer,1
1443,mouse,5
1443,squirrel,2
1444,deer,1
1444,mouse,5
1444,squirrel,2
1445,deer,1
1445,mouse,5
1445,squirrel,2
1446,deer,1
1446,mouse,5
1446,squirrel,2
1447,deer,1
1447,mouse,5
1447,squirrel,2
1448,deer,1
1448,mouse,5
1448,squirrel,2
1449,deer,1
1449,mouse,5
1449,squirrel,2
1450,deer,1
1450,mouse,5
1450,squirrel,2
1451,deer,1
1451,mouse,5
1451,squirrel,2
1452,deer,1
1452,mouse,5
1452,squirrel,2
1453,deer,1
1453,mouse,5
1453,squirrel,2
1454,deer,1
1454,mouse,5
1454,squirrel,2
1455,deer,1
1455,mouse,5
1455,squirrel,2
1456,deer,1
1456,mouse,5
1456,squirrel,2
1457,deer,1
1457,mouse,5
1457,squirrel,2
1458,deer,1
1458,mouse,5
1458,squirrel,2
1459,deer,1
1459,mouse,5
1459,squirrel,2
1460,deer,1
1460,mouse,5
1460,squirrel,2
1461,deer,1
1461,mouse,5
1461,squirrel,2
1462,deer,1
1462,mouse,5
1462,squirrel,2
1463,deer,1
1463,mouse,5
1463,squirrel,2
1464,deer,1
1464,mouse,5
1464,squirrel,2
1465,deer,1
1465,mouse,5
1465,squirrel,2
1466,deer,1
1466,mouse,5
1466,squirrel,2
1467,deer,1
1467,mouse,5
1467,squirrel,2
1468,deer,1
1468,mouse,5
1468,squirrel,2
1469,deer,1
1469,mouse,5
1469,squirrel,2
1470,deer,1
1470,mouse,5
1470,squirrel,2
1471,deer,1
1471,mouse,5
1471,squirrel,2
1472,deer,1
1472,mouse,5
1472,squirrel,2
1473,deer,1
1473,mouse,5
1473,squirrel,2
1474,deer,1
1474,mouse,5
1474,squirrel,2
1475,deer,1
1475,mouse,5
1475,squirrel,2
1476,deer,1
1476,mouse,5
1476,squirrel,2
1477,deer,1
1477,mouse,5
1477,squirrel,2
1478,deer,1
1478,mouse,5
1478,squirrel,2
1479,deer,1
1479,mouse,5
1479,squirrel,2
1480,deer,1
1480,mouse,5
1480,squirrel,2
1481,deer,1
1481,mouse,5
1481,squirrel,2
1482,deer,1
1482,mouse,5
1482,squirrel,2
1483,deer,1
1483,mouse,5
1483,squirrel,2
1484,deer,1
1484,mouse,5
1484,squirrel,2
1485,deer,1
1485,mouse,5
1485,squirrel,2
1486,deer,1
1486,mouse,5
1486,squirrel,2
1487,deer,1
1487,mouse,5
1487,squirrel,2
1488,deer,1
1488,mouse,5
1488,squirrel,2
1489,deer,1
1489,mouse,5
1489,squirrel,2
1490,deer,1
1490,mouse,5
1490,squirrel,2
1491,deer,1
1491,mouse,5
1491,squirrel,2
1492,deer,1
1492,mouse,5
1492,squirrel,2
1493,deer,1
1493,mouse,5
1493,squirrel,2
1494,deer,1
1494,mouse,5
1494,squirrel,2
1495,deer,1
1495,mouse,5
1495,squirrel,2
1496,deer,1
1496,mouse,5
1496,squirrel,2
1497,deer,1
1497,mouse,5
1497,squirrel,2
1498,deer,1
1498,mouse,5
1498,squirrel,2
1499,deer,1
1499,mouse,5
1499,squirrel,2
1500,deer,1
1500,mouse,5
1500,squirrel,2
1501,deer,1
1501,mouse,5
1501,squirrel,2
1502,deer,1
1502,mouse,5
1502,squirrel,2
1503,deer,1
1503,mouse,5
1503,squirrel,2
1504,deer,1
1504,mouse,5
1504,squirrel,2
1505,deer,1
1505,mouse,5
1505,squirrel,2
1506,deer,1
1506,mouse,5
1506,squirrel,2
1507,deer,1
1507,mouse,5
1507,squirrel,2
1508,deer,1
1508,mouse,5
1508,squirrel,2
1509,deer,1
1509,mouse,5
1509,squirrel,2
1510,deer,1
1510,mouse,5
1510,squirrel,2
1511,deer,1
1511,mouse,5
1511,squirrel,2
1512,deer,1
1512,mouse,5
1512,squirrel,2
1513,deer,1
1513,mouse,5
1513,squirrel,2
1514,deer,1
1514,mouse,5
1514,squirrel,2
1515,deer,1
1515,mouse,5
1515,squirrel,2
1516,deer,1
1516,mouse,5
1516,squirrel,2
1517,deer,1
1517,mouse,5
1517,squirrel,2
1518,deer,1
1518,mouse,5
1518,squirrel,2
1519,deer,1
1519,mouse,5
1519,squirrel,2
1520,deer,1
1520,mouse,5
1520,squirrel,2
1521,deer,1
1521,mouse,5
1521,squirrel,2
1522,deer,1
1522,mouse,5
1522,squirrel,2
1523,deer,1
1523,mouse,5
1523,squirrel,2
1524,deer,1
1524,mouse,5
1524,squirrel,2
1525,deer,1
1525,mouse,5
1525,squirrel,2
1526,deer,1
1526,mouse,5
1526,squirrel,2
1527,deer,1
1527,mouse,5
1527,squirrel,2
1528,deer,1
1528,mouse,5
1528,squirrel,2
1529,deer,1
1529,mouse,5
1529,squirrel,2
1530,deer,1
1530,mouse,5
1530,squirrel,2
1531,deer,1
1531,mouse,5
1531,squirrel,2
1532,deer,1
1532,mouse,5
1532,squirrel,2
1533,deer,1
1533,mouse,5
1533,squirrel,2
1534,deer,1
1534,mouse,5
1534,squirrel,2
1535,deer,1
1535,mouse,5
1535,squirrel,2
1536,deer,1
1536,mouse,5
1536,squirrel,2
1537,deer,1
1537,mouse,5
1537,squirrel,2
1538,deer,1
1538,mouse,5
1538,squirrel,2
1539,deer,1
1539,mouse,5
1539,squirrel,2
1540,deer,1
1540,mouse,5
1540,squirrel,2
1541,deer,1
1541,mouse,5
1541,squirrel,2
1542,deer,1
1542,mouse,5
1542,squirrel,2
1543,deer,1
1543,mouse,5
1543,squirrel,2
1544,deer,1
1544,mouse,5
1544,squirrel,2
1545,deer,1
1545,mouse,5
1545,squirrel,2
1546,deer,1
1546,mouse,5
1546,squirrel,2
1547,deer,1
1547,mouse,5
1547,squirrel,2
1548,deer,1
1548,mouse,5
1548,squirrel,2
1549,deer,1
1549,mouse,5
1549,squirrel,2
1550,deer,1
1550,mouse,5
1550,squirrel,2
1551,deer,1
1551,mouse,5
1551,squirrel,2
1552,deer,1
1552,mouse,5
1552,squirrel,2
1553,deer,1
1553,mouse,5
1553,squirrel,2
1554,deer,1
1554,mouse,5
1554,squirrel,2
1555,deer,1
1555,mouse,5
1555,squirrel,2
1556,deer,1
1556,mouse,5
1556,squirrel,2
1557,deer,1
1557,mouse,5
1557,squirrel,2
1558,deer,1
1558,mouse,5
1558,squirrel,2
1559,deer,1
1559,mouse,5
1559,squirrel,2
1560,deer,1
1560,mouse,5
1560,squirrel,2
1561,deer,1
1561,mouse,5
1561,squirrel,2
1562,deer,1
1562,mouse,5
1562,squirrel,2
1563,deer,1
1563,mouse,5
1563,squirrel,2
1564,deer,1
1564,mouse,5
1564,squirrel,2
1565,deer,1
1565,mouse,5
1565,squirrel,2
