host_spp,j_day,host_den
mouse,1,40
squirrel,1,8
deer,1,0.25
mouse,2,40
squirrel,2,8
deer,2,0.25
mouse,3,40
squirrel,3,8
deer,3,0.25
mouse,4,40
squirrel,4,8
deer,4,0.25
mouse,5,40
squirrel,5,8
deer,5,0.25
mouse,6,40
squirrel,6,8
deer,6,0.25
mouse,7,40
squirrel,7,8
deer,7,0.25
mouse,8,40
squirrel,8,8
deer,8,0.25
mouse,9,40
squirrel,9,8
deer,9,0.25
mouse,10,40
squirrel,10,8
deer,10,0.25
mouse,11,40
squirrel,11,8
deer,11,0.25
mouse,12,40
squirrel,12,8
deer,12,0.25
mouse,13,40
squirrel,13,8
deer,13,0.25
mouse,14,40
squirrel,14,8
deer,14,0.25
mouse,15,40
squirrel,15,8
deer,15,0.25
mouse,16,40
squirrel,16,8
deer,16,0.25
mouse,17,40
squirrel,17,8
deer,17,0.25
mouse,18,40
squirrel,18,8
deer,18,0.25
mouse,19,40
squirrel,19,8
deer,19,0.25
mouse,20,40
squirrel,20,8
deer,20,0.25
mouse,21,40
squirrel,21,8
deer,21,0.25
mouse,22,40
squirrel,22,8
deer,22,0.25
mouse,23,40
squirrel,23,8
deer,23,0.25
mouse,24,40
squirrel,24,8
deer,24,0.25
mouse,25,40
squirrel,25,8
deer,25,0.25
mouse,26,40
squirrel,26,8
deer,26,0.25
mouse,27,40
squirrel,27,8
deer,27,0.25
mouse,28,40
squirrel,28,8
deer,28,0.25
mouse,29,40
squirrel,29,8
deer,29,0.25
mouse,30,40
squirrel,30,8
deer,30,0.25
mouse,31,40
squirrel,31,8
deer,31,0.25
mouse,32,40
squirrel,32,8
deer,32,0.25
mouse,33,40
squirrel,33,8
deer,33,0.25
mouse,34,40
squirrel,34,8
deer,34,0.25
mouse,35,40
squirrel,35,8
deer,35,0.25
mouse,36,40
squirrel,36,8
deer,36,0.25
mouse,37,40
squirrel,37,8
deer,37,0.25
mouse,38,40
squirrel,38,8
deer,38,0.25
mouse,39,40
squirrel,39,8
deer,39,0.25
mouse,40,40
squirrel,40,8
deer,40,0.25
mouse,41,40
squirrel,41,8
deer,41,0.25
mouse,42,40
squirrel,42,8
deer,42,0.25
mouse,43,40
squirrel,43,8
deer,43,0.25
mouse,44,40
squirrel,44,8
deer,44,0.25
mouse,45,40
squirrel,45,8
deer,45,0.25
mouse,46,40
squirrel,46,8
deer,46,0.25
mouse,47,40
squirrel,47,8
deer,47,0.25
mouse,48,40
squirrel,48,8
deer,48,0.25
mouse,49,40
squirrel,49,8
deer,49,0.25
mouse,50,40
squirrel,50,8
deer,50,0.25
mouse,51,40
squirrel,51,8
deer,51,0.25
mouse,52,40
squirrel,52,8
deer,52,0.25
mouse,53,40
squirrel,53,8
deer,53,0.25
mouse,54,40
squirrel,54,8
deer,54,0.25
mouse,55,40
squirrel,55,8
deer,55,0.25
mouse,56,40
squirrel,56,8
deer,56,0.25
mouse,57,40
squirrel,57,8
deer,57,0.25
mouse,58,40
squirrel,58,8
deer,58,0.25
mouse,59,40
squirrel,59,8
deer,59,0.25
mouse,60,40
squirrel,60,8
deer,60,0.25
mouse,61,40
squirrel,61,8
deer,61,0.25
mouse,62,40
squirrel,62,8
deer,62,0.25
mouse,63,40
squirrel,63,8
deer,63,0.25
mouse,64,40
squirrel,64,8
deer,64,0.25
mouse,65,40
squirrel,65,8
deer,65,0.25
mouse,66,40
squirrel,66,8
deer,66,0.25
mouse,67,40
squirrel,67,8
deer,67,0.25
mouse,68,40
squirrel,68,8
deer,68,0.25
mouse,69,40
squirrel,69,8
deer,69,0.25
mouse,70,40
squirrel,70,8
deer,70,0.25
mouse,71,40
squirrel,71,8
deer,71,0.25
mouse,72,40
squirrel,72,8
deer,72,0.25
mouse,73,40
squirrel,73,8
deer,73,0.25
mouse,74,40
squirrel,74,8
deer,74,0.25
mouse,75,40
squirrel,75,8
deer,75,0.25
mouse,76,40
squirrel,76,8
deer,76,0.25
mouse,77,40
squirrel,77,8
deer,77,0.25
mouse,78,40
squirrel,78,8
deer,78,0.25
mouse,79,40
squirrel,79,8
deer,79,0.25
mouse,80,40
squirrel,80,8
deer,80,0.25
mouse,81,40
squirrel,81,8
deer,81,0.25
mouse,82,40
squirrel,82,8
deer,82,0.25
mouse,83,40
squirrel,83,8
deer,83,0.25
mouse,84,40
squirrel,84,8
deer,84,0.25
mouse,85,40
squirrel,85,8
deer,85,0.25
mouse,86,40
squirrel,86,8
deer,86,0.25
mouse,87,40
squirrel,87,8
deer,87,0.25
mouse,88,40
squirrel,88,8
deer,88,0.25
mouse,89,40
squirrel,89,8
deer,89,0.25
mouse,90,40
squirrel,90,8
deer,90,0.25
mouse,91,40
squirrel,91,8
deer,91,0.25
mouse,92,40
squirrel,92,8
deer,92,0.25
mouse,93,40
squirrel,93,8
deer,93,0.25
mouse,94,40
squirrel,94,8
deer,94,0.25
mouse,95,40
squirrel,95,8
deer,95,0.25
mouse,96,40
squirrel,96,8
deer,96,0.25
mouse,97,40
squirrel,97,8
deer,97,0.25
mouse,98,40
squirrel,98,8
deer,98,0.25
mouse,99,40
squirrel,99,8
deer,99,0.25
mouse,100,40
squirrel,100,8
deer,100,0.25
mouse,101,40
squirrel,101,8
deer,101,0.25
mouse,102,40
squirrel,102,8
deer,102,0.25
mouse,103,40
squirrel,103,8
deer,103,0.25
mouse,104,40
squirrel,104,8
deer,104,0.25
mouse,105,40
squirrel,105,8
deer,105,0.25
mouse,106,40
squirrel,106,8
deer,106,0.25
mouse,107,40
squirrel,107,8
deer,107,0.25
mouse,108,40
squirrel,108,8
deer,108,0.25
mouse,109,40
squirrel,109,8
deer,109,0.25
mouse,110,40
squirrel,110,8
deer,110,0.25
mouse,111,40
squirrel,111,8
deer,111,0.25
mouse,112,40
squirrel,112,8
deer,112,0.25
mouse,113,40
squirrel,113,8
deer,113,0.25
mouse,114,40
squirrel,114,8
deer,114,0.25
mouse,115,40
squirrel,115,8
deer,115,0.25
mouse,116,40
squirrel,116,8
deer,116,0.25
mouse,117,40
squirrel,117,8
deer,117,0.25
mouse,118,40
squirrel,118,8
deer,118,0.25
mouse,119,40
squirrel,119,8
deer,119,0.25
mouse,120,40
squirrel,120,8
deer,120,0.25
mouse,121,40
squirrel,121,8
deer,121,0.25
mouse,122,40
squirrel,122,8
deer,122,0.25
mouse,123,40
squirrel,123,8
deer,123,0.25
mouse,124,40
squirrel,124,8
deer,124,0.25
mouse,125,40
squirrel,125,8
deer,125,0.25
mouse,126,40
squirrel,126,8
deer,126,0.25
mouse,127,40
squirrel,127,8
deer,127,0.25
mouse,128,40
squirrel,128,8
deer,128,0.25
mouse,129,40
squirrel,129,8
deer,129,0.25
mouse,130,40
squirrel,130,8
deer,130,0.25
mouse,131,40
squirrel,131,8
deer,131,0.25
mouse,132,40
squirrel,132,8
deer,132,0.25
mouse,133,40
squirrel,133,8
deer,133,0.25
mouse,134,40
squirrel,134,8
deer,134,0.25
mouse,135,40
squirrel,135,8
deer,135,0.25
mouse,136,40
squirrel,136,8
deer,136,0.25
mouse,137,40
squirrel,137,8
deer,137,0.25
mouse,138,40
squirrel,138,8
deer,138,0.25
mouse,139,40
squirrel,139,8
deer,139,0.25
mouse,140,40
squirrel,140,8
deer,140,0.25
mouse,141,40
squirrel,141,8
deer,141,0.25
mouse,142,40
squirrel,142,8
deer,142,0.25
mouse,143,40
squirrel,143,8
deer,143,0.25
mouse,144,40
squirrel,144,8
deer,144,0.25
mouse,145,40
squirrel,145,8
deer,145,0.25
mouse,146,40
squirrel,146,8
deer,146,0.25
mouse,147,40
squirrel,147,8
deer,147,0.25
mouse,148,40
squirrel,148,8
deer,148,0.25
mouse,149,40
squirrel,149,8
deer,149,0.25
mouse,150,40
squirrel,150,8
deer,150,0.25
mouse,151,40
squirrel,151,8
deer,151,0.25
mouse,152,40
squirrel,152,8
deer,152,0.25
mouse,153,40
squirrel,153,8
deer,153,0.25
mouse,154,40
squirrel,154,8
deer,154,0.25
mouse,155,40
squirrel,155,8
deer,155,0.25
mouse,156,40
squirrel,156,8
deer,156,0.25
mouse,157,40
squirrel,157,8
deer,157,0.25
mouse,158,40
squirrel,158,8
deer,158,0.25
mouse,159,40
squirrel,159,8
deer,159,0.25
mouse,160,40
squirrel,160,8
deer,160,0.25
mouse,161,40
squirrel,161,8
deer,161,0.25
mouse,162,40
squirrel,162,8
deer,162,0.25
mouse,163,40
squirrel,163,8
deer,163,0.25
mouse,164,40
squirrel,164,8
deer,164,0.25
mouse,165,40
squirrel,165,8
deer,165,0.25
mouse,166,40
squirrel,166,8
deer,166,0.25
mouse,167,40
squirrel,167,8
deer,167,0.25
mouse,168,40
squirrel,168,8
deer,168,0.25
mouse,169,40
squirrel,169,8
deer,169,0.25
mouse,170,40
squirrel,170,8
deer,170,0.25
mouse,171,40
squirrel,171,8
deer,171,0.25
mouse,172,40
squirrel,172,8
deer,172,0.25
mouse,173,40
squirrel,173,8
deer,173,0.25
mouse,174,40
squirrel,174,8
deer,174,0.25
mouse,175,40
squirrel,175,8
deer,175,0.25
mouse,176,40
squirrel,176,8
deer,176,0.25
mouse,177,40
squirrel,177,8
deer,177,0.25
mouse,178,40
squirrel,178,8
deer,178,0.25
mouse,179,40
squirrel,179,8
deer,179,0.25
mouse,180,40
squirrel,180,8
deer,180,0.25
mouse,181,40
squirrel,181,8
deer,181,0.25
mouse,182,40
squirrel,182,8
deer,182,0.25
mouse,183,40
squirrel,183,8
deer,183,0.25
mouse,184,40
squirrel,184,8
deer,184,0.25
mouse,185,40
squirrel,185,8
deer,185,0.25
mouse,186,40
squirrel,186,8
deer,186,0.25
mouse,187,40
squirrel,187,8
deer,187,0.25
mouse,188,40
squirrel,188,8
deer,188,0.25
mouse,189,40
squirrel,189,8
deer,189,0.25
mouse,190,40
squirrel,190,8
deer,190,0.25
mouse,191,40
squirrel,191,8
deer,191,0.25
mouse,192,40
squirrel,192,8
deer,192,0.25
mouse,193,40
squirrel,193,8
deer,193,0.25
mouse,194,40
squirrel,194,8
deer,194,0.25
mouse,195,40
squirrel,195,8
deer,195,0.25
mouse,196,40
squirrel,196,8
deer,196,0.25
mouse,197,40
squirrel,197,8
deer,197,0.25
mouse,198,40
squirrel,198,8
deer,198,0.25
mouse,199,40
squirrel,199,8
deer,199,0.25
mouse,200,40
squirrel,200,8
deer,200,0.25
mouse,201,40
squirrel,201,8
deer,201,0.25
mouse,202,40
squirrel,202,8
deer,202,0.25
mouse,203,40
squirrel,203,8
deer,203,0.25
mouse,204,40
squirrel,204,8
deer,204,0.25
mouse,205,40
squirrel,205,8
deer,205,0.25
mouse,206,40
squirrel,206,8
deer,206,0.25
mouse,207,40
squirrel,207,8
deer,207,0.25
mouse,208,40
squirrel,208,8
deer,208,0.25
mouse,209,40
squirrel,209,8
deer,209,0.25
mouse,210,40
squirrel,210,8
deer,210,0.25
mouse,211,40
squirrel,211,8
deer,211,0.25
mouse,212,40
squirrel,212,8
deer,212,0.25
mouse,213,40
squirrel,213,8
deer,213,0.25
mouse,214,40
squirrel,214,8
deer,214,0.25
mouse,215,40
squirrel,215,8
deer,215,0.25
mouse,216,40
squirrel,216,8
deer,216,0.25
mouse,217,40
squirrel,217,8
deer,217,0.25
mouse,218,40
squirrel,218,8
deer,218,0.25
mouse,219,40
squirrel,219,8
deer,219,0.25
mouse,220,40
squirrel,220,8
deer,220,0.25
mouse,221,40
squirrel,221,8
deer,221,0.25
mouse,222,40
squirrel,222,8
deer,222,0.25
mouse,223,40
squirrel,223,8
deer,223,0.25
mouse,224,40
squirrel,224,8
deer,224,0.25
mouse,225,40
squirrel,225,8
deer,225,0.25
mouse,226,40
squirrel,226,8
deer,226,0.25
mouse,227,40
squirrel,227,8
deer,227,0.25
mouse,228,40
squirrel,228,8
deer,228,0.25
mouse,229,40
squirrel,229,8
deer,229,0.25
mouse,230,40
squirrel,230,8
deer,230,0.25
mouse,231,40
squirrel,231,8
deer,231,0.25
mouse,232,40
squirrel,232,8
deer,232,0.25
mouse,233,40
squirrel,233,8
deer,233,0.25
mouse,234,40
squirrel,234,8
deer,234,0.25
mouse,235,40
squirrel,235,8
deer,235,0.25
mouse,236,40
squirrel,236,8
deer,236,0.25
mouse,237,40
squirrel,237,8
deer,237,0.25
mouse,238,40
squirrel,238,8
deer,238,0.25
mouse,239,40
squirrel,239,8
deer,239,0.25
mouse,240,40
squirrel,240,8
deer,240,0.25
mouse,241,40
squirrel,241,8
deer,241,0.25
mouse,242,40
squirrel,242,8
deer,242,0.25
mouse,243,40
squirrel,243,8
deer,243,0.25
mouse,244,40
squirrel,244,8
deer,244,0.25
mouse,245,40
squirrel,245,8
deer,245,0.25
mouse,246,40
squirrel,246,8
deer,246,0.25
mouse,247,40
squirrel,247,8
deer,247,0.25
mouse,248,40
squirrel,248,8
deer,248,0.25
mouse,249,40
squirrel,249,8
deer,249,0.25
mouse,250,40
squirrel,250,8
deer,250,0.25
mouse,251,40
squirrel,251,8
deer,251,0.25
mouse,252,40
squirrel,252,8
deer,252,0.25
mouse,253,40
squirrel,253,8
deer,253,0.25
mouse,254,40
squirrel,254,8
deer,254,0.25
mouse,255,40
squirrel,255,8
deer,255,0.25
mouse,256,40
squirrel,256,8
deer,256,0.25
mouse,257,40
squirrel,257,8
deer,257,0.25
mouse,258,40
squirrel,258,8
deer,258,0.25
mouse,259,40
squirrel,259,8
deer,259,0.25
mouse,260,40
squirrel,260,8
deer,260,0.25
mouse,261,40
squirrel,261,8
deer,261,0.25
mouse,262,40
squirrel,262,8
deer,262,0.25
mouse,263,40
squirrel,263,8
deer,263,0.25
mouse,264,40
squirrel,264,8
deer,264,0.25
mouse,265,40
squirrel,265,8
deer,265,0.25
mouse,266,40
squirrel,266,8
deer,266,0.25
mouse,267,40
squirrel,267,8
deer,267,0.25
mouse,268,40
squirrel,268,8
deer,268,0.25
mouse,269,40
squirrel,269,8
deer,269,0.25
mouse,270,40
squirrel,270,8
deer,270,0.25
mouse,271,40
squirrel,271,8
deer,271,0.25
mouse,272,40
squirrel,272,8
deer,272,0.25
mouse,273,40
squirrel,273,8
deer,273,0.25
mouse,274,40
squirrel,274,8
deer,274,0.25
mouse,275,40
squirrel,275,8
deer,275,0.25
mouse,276,40
squirrel,276,8
deer,276,0.25
mouse,277,40
squirrel,277,8
deer,277,0.25
mouse,278,40
squirrel,278,8
deer,278,0.25
mouse,279,40
squirrel,279,8
deer,279,0.25
mouse,280,40
squirrel,280,8
deer,280,0.25
mouse,281,40
squirrel,281,8
deer,281,0.25
mouse,282,40
squirrel,282,8
deer,282,0.25
mouse,283,40
squirrel,283,8
deer,283,0.25
mouse,284,40
squirrel,284,8
deer,284,0.25
mouse,285,40
squirrel,285,8
deer,285,0.25
mouse,286,40
squirrel,286,8
deer,286,0.25
mouse,287,40
squirrel,287,8
deer,287,0.25
mouse,288,40
squirrel,288,8
deer,288,0.25
mouse,289,40
squirrel,289,8
deer,289,0.25
mouse,290,40
squirrel,290,8
deer,290,0.25
mouse,291,40
squirrel,291,8
deer,291,0.25
mouse,292,40
squirrel,292,8
deer,292,0.25
mouse,293,40
squirrel,293,8
deer,293,0.25
mouse,294,40
squirrel,294,8
deer,294,0.25
mouse,295,40
squirrel,295,8
deer,295,0.25
mouse,296,40
squirrel,296,8
deer,296,0.25
mouse,297,40
squirrel,297,8
deer,297,0.25
mouse,298,40
squirrel,298,8
deer,298,0.25
mouse,299,40
squirrel,299,8
deer,299,0.25
mouse,300,40
squirrel,300,8
deer,300,0.25
mouse,301,40
squirrel,301,8
deer,301,0.25
mouse,302,40
squirrel,302,8
deer,302,0.25
mouse,303,40
squirrel,303,8
deer,303,0.25
mouse,304,40
squirrel,304,8
deer,304,0.25
mouse,305,40
squirrel,305,8
deer,305,0.25
mouse,306,40
squirrel,306,8
deer,306,0.25
mouse,307,40
squirrel,307,8
deer,307,0.25
mouse,308,40
squirrel,308,8
deer,308,0.25
mouse,309,40
squirrel,309,8
deer,309,0.25
mouse,310,40
squirrel,310,8
deer,310,0.25
mouse,311,40
squirrel,311,8
deer,311,0.25
mouse,312,40
squirrel,312,8
deer,312,0.25
mouse,313,40
squirrel,313,8
deer,313,0.25
mouse,314,40
squirrel,314,8
deer,314,0.25
mouse,315,40
squirrel,315,8
deer,315,0.25
mouse,316,40
squirrel,316,8
deer,316,0.25
mouse,317,40
squirrel,317,8
deer,317,0.25
mouse,318,40
squirrel,318,8
deer,318,0.25
mouse,319,40
squirrel,319,8
deer,319,0.25
mouse,320,40
squirrel,320,8
deer,320,0.25
mouse,321,40
squirrel,321,8
deer,321,0.25
mouse,322,40
squirrel,322,8
deer,322,0.25
mouse,323,40
squirrel,323,8
deer,323,0.25
mouse,324,40
squirrel,324,8
deer,324,0.25
mouse,325,40
squirrel,325,8
deer,325,0.25
mouse,326,40
squirrel,326,8
deer,326,0.25
mouse,327,40
squirrel,327,8
deer,327,0.25
mouse,328,40
squirrel,328,8
deer,328,0.25
mouse,329,40
squirrel,329,8
deer,329,0.25
mouse,330,40
squirrel,330,8
deer,330,0.25
mouse,331,40
squirrel,331,8
deer,331,0.25
mouse,332,40
squirrel,332,8
deer,332,0.25
mouse,333,40
squirrel,333,8
deer,333,0.25
mouse,334,40
squirrel,334,8
deer,334,0.25
mouse,335,40
squirrel,335,8
deer,335,0.25
mouse,336,40
squirrel,336,8
deer,336,0.25
mouse,337,40
squirrel,337,8
deer,337,0.25
mouse,338,40
squirrel,338,8
deer,338,0.25
mouse,339,40
squirrel,339,8
deer,339,0.25
mouse,340,40
squirrel,340,8
deer,340,0.25
mouse,341,40
squirrel,341,8
deer,341,0.25
mouse,342,40
squirrel,342,8
deer,342,0.25
mouse,343,40
squirrel,343,8
deer,343,0.25
mouse,344,40
squirrel,344,8
deer,344,0.25
mouse,345,40
squirrel,345,8
deer,345,0.25
mouse,346,40
squirrel,346,8
deer,346,0.25
mouse,347,40
squirrel,347,8
deer,347,0.25
mouse,348,40
squirrel,348,8
deer,348,0.25
mouse,349,40
squirrel,349,8
deer,349,0.25
mouse,350,40
squirrel,350,8
deer,350,0.25
mouse,351,40
squirrel,351,8
deer,351,0.25
mouse,352,40
squirrel,352,8
deer,352,0.25
mouse,353,40
squirrel,353,8
deer,353,0.25
mouse,354,40
squirrel,354,8
deer,354,0.25
mouse,355,40
squirrel,355,8
deer,355,0.25
mouse,356,40
squirrel,356,8
deer,356,0.25
mouse,357,40
squirrel,357,8
deer,357,0.25
mouse,358,40
squirrel,358,8
deer,358,0.25
mouse,359,40
squirrel,359,8
deer,359,0.25
mouse,360,40
squirrel,360,8
deer,360,0.25
mouse,361,40
squirrel,361,8
deer,361,0.25
mouse,362,40
squirrel,362,8
deer,362,0.25
mouse,363,40
squirrel,363,8
deer,363,0.25
mouse,364,40
squirrel,364,8
deer,364,0.25
mouse,365,40
squirrel,365,8
deer,365,0.25
mouse,366,40
squirrel,366,8
deer,366,0.25
mouse,367,40
squirrel,367,8
deer,367,0.25
mouse,368,40
squirrel,368,8
deer,368,0.25
mouse,369,40
squirrel,369,8
deer,369,0.25
mouse,370,40
squirrel,370,8
deer,370,0.25
mouse,371,40
squirrel,371,8
deer,371,0.25
mouse,372,40
squirrel,372,8
deer,372,0.25
mouse,373,40
squirrel,373,8
deer,373,0.25
mouse,374,40
squirrel,374,8
deer,374,0.25
mouse,375,40
squirrel,375,8
deer,375,0.25
mouse,376,40
squirrel,376,8
deer,376,0.25
mouse,377,40
squirrel,377,8
deer,377,0.25
mouse,378,40
squirrel,378,8
deer,378,0.25
mouse,379,40
squirrel,379,8
deer,379,0.25
mouse,380,40
squirrel,380,8
deer,380,0.25
mouse,381,40
squirrel,381,8
deer,381,0.25
mouse,382,40
squirrel,382,8
deer,382,0.25
mouse,383,40
squirrel,383,8
deer,383,0.25
mouse,384,40
squirrel,384,8
deer,384,0.25
mouse,385,40
squirrel,385,8
deer,385,0.25
mouse,386,40
squirrel,386,8
deer,386,0.25
mouse,387,40
squirrel,387,8
deer,387,0.25
mouse,388,40
squirrel,388,8
deer,388,0.25
mouse,389,40
squirrel,389,8
deer,389,0.25
mouse,390,40
squirrel,390,8
deer,390,0.25
mouse,391,40
squirrel,391,8
deer,391,0.25
mouse,392,40
squirrel,392,8
deer,392,0.25
mouse,393,40
squirrel,393,8
deer,393,0.25
mouse,394,40
squirrel,394,8
deer,394,0.25
mouse,395,40
squirrel,395,8
deer,395,0.25
mouse,396,40
squirrel,396,8
deer,396,0.25
mouse,397,40
squirrel,397,8
deer,397,0.25
mouse,398,40
squirrel,398,8
deer,398,0.25
mouse,399,40
squirrel,399,8
deer,399,0.25
mouse,400,40
squirrel,400,8
deer,400,0.25
mouse,401,40
squirrel,401,8
deer,401,0.25
mouse,402,40
squirrel,402,8
deer,402,0.25
mouse,403,40
squirrel,403,8
deer,403,0.25
mouse,404,40
squirrel,404,8
deer,404,0.25
mouse,405,40
squirrel,405,8
deer,405,0.25
mouse,406,40
squirrel,406,8
deer,406,0.25
mouse,407,40
squirrel,407,8
deer,407,0.25
mouse,408,40
squirrel,408,8
deer,408,0.25
mouse,409,40
squirrel,409,8
deer,409,0.25
mouse,410,40
squirrel,410,8
deer,410,0.25
mouse,411,40
squirrel,411,8
deer,411,0.25
mouse,412,40
squirrel,412,8
deer,412,0.25
mouse,413,40
squirrel,413,8
deer,413,0.25
mouse,414,40
squirrel,414,8
deer,414,0.25
mouse,415,40
squirrel,415,8
deer,415,0.25
mouse,416,40
squirrel,416,8
deer,416,0.25
mouse,417,40
squirrel,417,8
deer,417,0.25
mouse,418,40
squirrel,418,8
deer,418,0.25
mouse,419,40
squirrel,419,8
deer,419,0.25
mouse,420,40
squirrel,420,8
deer,420,0.25
mouse,421,40
squirrel,421,8
deer,421,0.25
mouse,422,40
squirrel,422,8
deer,422,0.25
mouse,423,40
squirrel,423,8
deer,423,0.25
mouse,424,40
squirrel,424,8
deer,424,0.25
mouse,425,40
squirrel,425,8
deer,425,0.25
mouse,426,40
squirrel,426,8
deer,426,0.25
mouse,427,40
squirrel,427,8
deer,427,0.25
mouse,428,40
squirrel,428,8
deer,428,0.25
mouse,429,40
squirrel,429,8
deer,429,0.25
mouse,430,40
squirrel,430,8
deer,430,0.25
mouse,431,40
squirrel,431,8
deer,431,0.25
mouse,432,40
squirrel,432,8
deer,432,0.25
mouse,433,40
squirrel,433,8
deer,433,0.25
mouse,434,40
squirrel,434,8
deer,434,0.25
mouse,435,40
squirrel,435,8
deer,435,0.25
mouse,436,40
squirrel,436,8
deer,436,0.25
mouse,437,40
squirrel,437,8
deer,437,0.25
mouse,438,40
squirrel,438,8
deer,438,0.25
mouse,439,40
squirrel,439,8
deer,439,0.25
mouse,440,40
squirrel,440,8
deer,440,0.25
mouse,441,40
squirrel,441,8
deer,441,0.25
mouse,442,40
squirrel,442,8
deer,442,0.25
mouse,443,40
squirrel,443,8
deer,443,0.25
mouse,444,40
squirrel,444,8
deer,444,0.25
mouse,445,40
squirrel,445,8
deer,445,0.25
mouse,446,40
squirrel,446,8
deer,446,0.25
mouse,447,40
squirrel,447,8
deer,447,0.25
mouse,448,40
squirrel,448,8
deer,448,0.25
mouse,449,40
squirrel,449,8
deer,449,0.25
mouse,450,40
squirrel,450,8
deer,450,0.25
mouse,451,40
squirrel,451,8
deer,451,0.25
mouse,452,40
squirrel,452,8
deer,452,0.25
mouse,453,40
squirrel,453,8
deer,453,0.25
mouse,454,40
squirrel,454,8
deer,454,0.25
mouse,455,40
squirrel,455,8
deer,455,0.25
mouse,456,40
squirrel,456,8
deer,456,0.25
mouse,457,40
squirrel,457,8
deer,457,0.25
mouse,458,40
squirrel,458,8
deer,458,0.25
mouse,459,40
squirrel,459,8
deer,459,0.25
mouse,460,40
squirrel,460,8
deer,460,0.25
mouse,461,40
squirrel,461,8
deer,461,0.25
mouse,462,40
squirrel,462,8
deer,462,0.25
mouse,463,40
squirrel,463,8
deer,463,0.25
mouse,464,40
squirrel,464,8
deer,464,0.25
mouse,465,40
squirrel,465,8
deer,465,0.25
mouse,466,40
squirrel,466,8
deer,466,0.25
mouse,467,40
squirrel,467,8
deer,467,0.25
mouse,468,40
squirrel,468,8
deer,468,0.25
mouse,469,40
squirrel,469,8
deer,469,0.25
mouse,470,40
squirrel,470,8
deer,470,0.25
mouse,471,40
squirrel,471,8
deer,471,0.25
mouse,472,40
squirrel,472,8
deer,472,0.25
mouse,473,40
squirrel,473,8
deer,473,0.25
mouse,474,40
squirrel,474,8
deer,474,0.25
mouse,475,40
squirrel,475,8
deer,475,0.25
mouse,476,40
squirrel,476,8
deer,476,0.25
mouse,477,40
squirrel,477,8
deer,477,0.25
mouse,478,40
squirrel,478,8
deer,478,0.25
mouse,479,40
squirrel,479,8
deer,479,0.25
mouse,480,40
squirrel,480,8
deer,480,0.25
mouse,481,40
squirrel,481,8
deer,481,0.25
mouse,482,40
squirrel,482,8
deer,482,0.25
mouse,483,40
squirrel,483,8
deer,483,0.25
mouse,484,40
squirrel,484,8
deer,484,0.25
mouse,485,40
squirrel,485,8
deer,485,0.25
mouse,486,40
squirrel,486,8
deer,486,0.25
mouse,487,40
squirrel,487,8
deer,487,0.25
mouse,488,40
squirrel,488,8
deer,488,0.25
mouse,489,40
squirrel,489,8
deer,489,0.25
mouse,490,40
squirrel,490,8
deer,490,0.25
mouse,491,40
squirrel,491,8
deer,491,0.25
mouse,492,40
squirrel,492,8
deer,492,0.25
mouse,493,40
squirrel,493,8
deer,493,0.25
mouse,494,40
squirrel,494,8
deer,494,0.25
mouse,495,40
squirrel,495,8
deer,495,0.25
mouse,496,40
squirrel,496,8
deer,496,0.25
mouse,497,40
squirrel,497,8
deer,497,0.25
mouse,498,40
squirrel,498,8
deer,498,0.25
mouse,499,40
squirrel,499,8
deer,499,0.25
mouse,500,40
squirrel,500,8
deer,500,0.25
mouse,501,40
squirrel,501,8
deer,501,0.25
mouse,502,40
squirrel,502,8
deer,502,0.25
mouse,503,40
squirrel,503,8
deer,503,0.25
mouse,504,40
squirrel,504,8
deer,504,0.25
mouse,505,40
squirrel,505,8
deer,505,0.25
mouse,506,40
squirrel,506,8
deer,506,0.25
mouse,507,40
squirrel,507,8
deer,507,0.25
mouse,508,40
squirrel,508,8
deer,508,0.25
mouse,509,40
squirrel,509,8
deer,509,0.25
mouse,510,40
squirrel,510,8
deer,510,0.25
mouse,511,40
squirrel,511,8
deer,511,0.25
mouse,512,40
squirrel,512,8
deer,512,0.25
mouse,513,40
squirrel,513,8
deer,513,0.25
mouse,514,40
squirrel,514,8
deer,514,0.25
mouse,515,40
squirrel,515,8
deer,515,0.25
mouse,516,40
squirrel,516,8
deer,516,0.25
mouse,517,40
squirrel,517,8
deer,517,0.25
mouse,518,40
squirrel,518,8
deer,518,0.25
mouse,519,40
squirrel,519,8
deer,519,0.25
mouse,520,40
squirrel,520,8
deer,520,0.25
mouse,521,40
squirrel,521,8
deer,521,0.25
mouse,522,40
squirrel,522,8
deer,522,0.25
mouse,523,40
squirrel,523,8
deer,523,0.25
mouse,524,40
squirrel,524,8
deer,524,0.25
mouse,525,40
squirrel,525,8
deer,525,0.25
mouse,526,40
squirrel,526,8
deer,526,0.25
mouse,527,40
squirrel,527,8
deer,527,0.25
mouse,528,40
squirrel,528,8
deer,528,0.25
mouse,529,40
squirrel,529,8
deer,529,0.25
mouse,530,40
squirrel,530,8
deer,530,0.25
mouse,531,40
squirrel,531,8
deer,531,0.25
mouse,532,40
squirrel,532,8
deer,532,0.25
mouse,533,40
squirrel,533,8
deer,533,0.25
mouse,534,40
squirrel,534,8
deer,534,0.25
mouse,535,40
squirrel,535,8
deer,535,0.25
mouse,536,40
squirrel,536,8
deer,536,0.25
mouse,537,40
squirrel,537,8
deer,537,0.25
mouse,538,40
squirrel,538,8
deer,538,0.25
mouse,539,40
squirrel,539,8
deer,539,0.25
mouse,540,40
squirrel,540,8
deer,540,0.25
mouse,541,40
squirrel,541,8
deer,541,0.25
mouse,542,40
squirrel,542,8
deer,542,0.25
mouse,543,40
squirrel,543,8
deer,543,0.25
mouse,544,40
squirrel,544,8
deer,544,0.25
mouse,545,40
squirrel,545,8
deer,545,0.25
mouse,546,40
squirrel,546,8
deer,546,0.25
mouse,547,40
squirrel,547,8
deer,547,0.25
mouse,548,40
squirrel,548,8
deer,548,0.25
mouse,549,40
squirrel,549,8
deer,549,0.25
mouse,550,40
squirrel,550,8
deer,550,0.25
mouse,551,40
squirrel,551,8
deer,551,0.25
mouse,552,40
squirrel,552,8
deer,552,0.25
mouse,553,40
squirrel,553,8
deer,553,0.25
mouse,554,40
squirrel,554,8
deer,554,0.25
mouse,555,40
squirrel,555,8
deer,555,0.25
mouse,556,40
squirrel,556,8
deer,556,0.25
mouse,557,40
squirrel,557,8
deer,557,0.25
mouse,558,40
squirrel,558,8
deer,558,0.25
mouse,559,40
squirrel,559,8
deer,559,0.25
mouse,560,40
squirrel,560,8
deer,560,0.25
mouse,561,40
squirrel,561,8
deer,561,0.25
mouse,562,40
squirrel,562,8
deer,562,0.25
mouse,563,40
squirrel,563,8
deer,563,0.25
mouse,564,40
squirrel,564,8
deer,564,0.25
mouse,565,40
squirrel,565,8
deer,565,0.25
mouse,566,40
squirrel,566,8
deer,566,0.25
mouse,567,40
squirrel,567,8
deer,567,0.25
mouse,568,40
squirrel,568,8
deer,568,0.25
mouse,569,40
squirrel,569,8
deer,569,0.25
mouse,570,40
squirrel,570,8
deer,570,0.25
mouse,571,40
squirrel,571,8
deer,571,0.25
mouse,572,40
squirrel,572,8
deer,572,0.25
mouse,573,40
squirrel,573,8
deer,573,0.25
mouse,574,40
squirrel,574,8
deer,574,0.25
mouse,575,40
squirrel,575,8
deer,575,0.25
mouse,576,40
squirrel,576,8
deer,576,0.25
mouse,577,40
squirrel,577,8
deer,577,0.25
mouse,578,40
squirrel,578,8
deer,578,0.25
mouse,579,40
squirrel,579,8
deer,579,0.25
mouse,580,40
squirrel,580,8
deer,580,0.25
mouse,581,40
squirrel,581,8
deer,581,0.25
mouse,582,40
squirrel,582,8
deer,582,0.25
mouse,583,40
squirrel,583,8
deer,583,0.25
mouse,584,40
squirrel,584,8
deer,584,0.25
mouse,585,40
squirrel,585,8
deer,585,0.25
mouse,586,40
squirrel,586,8
deer,586,0.25
mouse,587,40
squirrel,587,8
deer,587,0.25
mouse,588,40
squirrel,588,8
deer,588,0.25
mouse,589,40
squirrel,589,8
deer,589,0.25
mouse,590,40
squirrel,590,8
deer,590,0.25
mouse,591,40
squirrel,591,8
deer,591,0.25
mouse,592,40
squirrel,592,8
deer,592,0.25
mouse,593,40
squirrel,593,8
deer,593,0.25
mouse,594,40
squirrel,594,8
deer,594,0.25
mouse,595,40
squirrel,595,8
deer,595,0.25
mouse,596,40
squirrel,596,8
deer,596,0.25
mouse,597,40
squirrel,597,8
deer,597,0.25
mouse,598,40
squirrel,598,8
deer,598,0.25
mouse,599,40
squirrel,599,8
deer,599,0.25
mouse,600,40
squirrel,600,8
deer,600,0.25
mouse,601,40
squirrel,601,8
deer,601,0.25
mouse,602,40
squirrel,602,8
deer,602,0.25
mouse,603,40
squirrel,603,8
deer,603,0.25
mouse,604,40
squirrel,604,8
deer,604,0.25
mouse,605,40
squirrel,605,8
deer,605,0.25
mouse,606,40
squirrel,606,8
deer,606,0.25
mouse,607,40
squirrel,607,8
deer,607,0.25
mouse,608,40
squirrel,608,8
deer,608,0.25
mouse,609,40
squirrel,609,8
deer,609,0.25
mouse,610,40
squirrel,610,8
deer,610,0.25
mouse,611,40
squirrel,611,8
deer,611,0.25
mouse,612,40
squirrel,612,8
deer,612,0.25
mouse,613,40
squirrel,613,8
deer,613,0.25
mouse,614,40
squirrel,614,8
deer,614,0.25
mouse,615,40
squirrel,615,8
deer,615,0.25
mouse,616,40
squirrel,616,8
deer,616,0.25
mouse,617,40
squirrel,617,8
deer,617,0.25
mouse,618,40
squirrel,618,8
deer,618,0.25
mouse,619,40
squirrel,619,8
deer,619,0.25
mouse,620,40
squirrel,620,8
deer,620,0.25
mouse,621,40
squirrel,621,8
deer,621,0.25
mouse,622,40
squirrel,622,8
deer,622,0.25
mouse,623,40
squirrel,623,8
deer,623,0.25
mouse,624,40
squirrel,624,8
deer,624,0.25
mouse,625,40
squirrel,625,8
deer,625,0.25
mouse,626,40
squirrel,626,8
deer,626,0.25
mouse,627,40
squirrel,627,8
deer,627,0.25
mouse,628,40
squirrel,628,8
deer,628,0.25
mouse,629,40
squirrel,629,8
deer,629,0.25
mouse,630,40
squirrel,630,8
deer,630,0.25
mouse,631,40
squirrel,631,8
deer,631,0.25
mouse,632,40
squirrel,632,8
deer,632,0.25
mouse,633,40
squirrel,633,8
deer,633,0.25
mouse,634,40
squirrel,634,8
deer,634,0.25
mouse,635,40
squirrel,635,8
deer,635,0.25
mouse,636,40
squirrel,636,8
deer,636,0.25
mouse,637,40
squirrel,637,8
deer,637,0.25
mouse,638,40
squirrel,638,8
deer,638,0.25
mouse,639,40
squirrel,639,8
deer,639,0.25
mouse,640,40
squirrel,640,8
deer,640,0.25
mouse,641,40
squirrel,641,8
deer,641,0.25
mouse,642,40
squirrel,642,8
deer,642,0.25
mouse,643,40
squirrel,643,8
deer,643,0.25
mouse,644,40
squirrel,644,8
deer,644,0.25
mouse,645,40
squirrel,645,8
deer,645,0.25
mouse,646,40
squirrel,646,8
deer,646,0.25
mouse,647,40
squirrel,647,8
deer,647,0.25
mouse,648,40
squirrel,648,8
deer,648,0.25
mouse,649,40
squirrel,649,8
deer,649,0.25
mouse,650,40
squirrel,650,8
deer,650,0.25
mouse,651,40
squirrel,651,8
deer,651,0.25
mouse,652,40
squirrel,652,8
deer,652,0.25
mouse,653,40
squirrel,653,8
deer,653,0.25
mouse,654,40
squirrel,654,8
deer,654,0.25
mouse,655,40
squirrel,655,8
deer,655,0.25
mouse,656,40
squirrel,656,8
deer,656,0.25
mouse,657,40
squirrel,657,8
deer,657,0.25
mouse,658,40
squirrel,658,8
deer,658,0.25
mouse,659,40
squirrel,659,8
deer,659,0.25
mouse,660,40
squirrel,660,8
deer,660,0.25
mouse,661,40
squirrel,661,8
deer,661,0.25
mouse,662,40
squirrel,662,8
deer,662,0.25
mouse,663,40
squirrel,663,8
deer,663,0.25
mouse,664,40
squirrel,664,8
deer,664,0.25
mouse,665,40
squirrel,665,8
deer,665,0.25
mouse,666,40
squirrel,666,8
deer,666,0.25
mouse,667,40
squirrel,667,8
deer,667,0.25
mouse,668,40
squirrel,668,8
deer,668,0.25
mouse,669,40
squirrel,669,8
deer,669,0.25
mouse,670,40
squirrel,670,8
deer,670,0.25
mouse,671,40
squirrel,671,8
deer,671,0.25
mouse,672,40
squirrel,672,8
deer,672,0.25
mouse,673,40
squirrel,673,8
deer,673,0.25
mouse,674,40
squirrel,674,8
deer,674,0.25
mouse,675,40
squirrel,675,8
deer,675,0.25
mouse,676,40
squirrel,676,8
deer,676,0.25
mouse,677,40
squirrel,677,8
deer,677,0.25
mouse,678,40
squirrel,678,8
deer,678,0.25
mouse,679,40
squirrel,679,8
deer,679,0.25
mouse,680,40
squirrel,680,8
deer,680,0.25
mouse,681,40
squirrel,681,8
deer,681,0.25
mouse,682,40
squirrel,682,8
deer,682,0.25
mouse,683,40
squirrel,683,8
deer,683,0.25
mouse,684,40
squirrel,684,8
deer,684,0.25
mouse,685,40
squirrel,685,8
deer,685,0.25
mouse,686,40
squirrel,686,8
deer,686,0.25
mouse,687,40
squirrel,687,8
deer,687,0.25
mouse,688,40
squirrel,688,8
deer,688,0.25
mouse,689,40
squirrel,689,8
deer,689,0.25
mouse,690,40
squirrel,690,8
deer,690,0.25
mouse,691,40
squirrel,691,8
deer,691,0.25
mouse,692,40
squirrel,692,8
deer,692,0.25
mouse,693,40
squirrel,693,8
deer,693,0.25
mouse,694,40
squirrel,694,8
deer,694,0.25
mouse,695,40
squirrel,695,8
deer,695,0.25
mouse,696,40
squirrel,696,8
deer,696,0.25
mouse,697,40
squirrel,697,8
deer,697,0.25
mouse,698,40
squirrel,698,8
deer,698,0.25
mouse,699,40
squirrel,699,8
deer,699,0.25
mouse,700,40
squirrel,700,8
deer,700,0.25
mouse,701,40
squirrel,701,8
deer,701,0.25
mouse,702,40
squirrel,702,8
deer,702,0.25
mouse,703,40
squirrel,703,8
deer,703,0.25
mouse,704,40
squirrel,704,8
deer,704,0.25
mouse,705,40
squirrel,705,8
deer,705,0.25
mouse,706,40
squirrel,706,8
deer,706,0.25
mouse,707,40
squirrel,707,8
deer,707,0.25
mouse,708,40
squirrel,708,8
deer,708,0.25
mouse,709,40
squirrel,709,8
deer,709,0.25
mouse,710,40
squirrel,710,8
deer,710,0.25
mouse,711,40
squirrel,711,8
deer,711,0.25
mouse,712,40
squirrel,712,8
deer,712,0.25
mouse,713,40
squirrel,713,8
deer,713,0.25
mouse,714,40
squirrel,714,8
deer,714,0.25
mouse,715,40
squirrel,715,8
deer,715,0.25
mouse,716,40
squirrel,716,8
deer,716,0.25
mouse,717,40
squirrel,717,8
deer,717,0.25
mouse,718,40
squirrel,718,8
deer,718,0.25
mouse,719,40
squirrel,719,8
deer,719,0.25
mouse,720,40
squirrel,720,8
deer,720,0.25
mouse,721,40
squirrel,721,8
deer,721,0.25
mouse,722,40
squirrel,722,8
deer,722,0.25
mouse,723,40
squirrel,723,8
deer,723,0.25
mouse,724,40
squirrel,724,8
deer,724,0.25
mouse,725,40
squirrel,725,8
deer,725,0.25
mouse,726,40
squirrel,726,8
deer,726,0.25
mouse,727,40
squirrel,727,8
deer,727,0.25
mouse,728,40
squirrel,728,8
deer,728,0.25
mouse,729,40
squirrel,729,8
deer,729,0.25
mouse,730,40
squirrel,730,8
deer,730,0.25
mouse,731,40
squirrel,731,8
deer,731,0.25
mouse,732,40
squirrel,732,8
deer,732,0.25
mouse,733,40
squirrel,733,8
deer,733,0.25
mouse,734,40
squirrel,734,8
deer,734,0.25
mouse,735,40
squirrel,735,8
deer,735,0.25
mouse,736,40
squirrel,736,8
deer,736,0.25
mouse,737,40
squirrel,737,8
deer,737,0.25
mouse,738,40
squirrel,738,8
deer,738,0.25
mouse,739,40
squirrel,739,8
deer,739,0.25
mouse,740,40
squirrel,740,8
deer,740,0.25
mouse,741,40
squirrel,741,8
deer,741,0.25
mouse,742,40
squirrel,742,8
deer,742,0.25
mouse,743,40
squirrel,743,8
deer,743,0.25
mouse,744,40
squirrel,744,8
deer,744,0.25
mouse,745,40
squirrel,745,8
deer,745,0.25
mouse,746,40
squirrel,746,8
deer,746,0.25
mouse,747,40
squirrel,747,8
deer,747,0.25
mouse,748,40
squirrel,748,8
deer,748,0.25
mouse,749,40
squirrel,749,8
deer,749,0.25
mouse,750,40
squirrel,750,8
deer,750,0.25
mouse,751,40
squirrel,751,8
deer,751,0.25
mouse,752,40
squirrel,752,8
deer,752,0.25
mouse,753,40
squirrel,753,8
deer,753,0.25
mouse,754,40
squirrel,754,8
deer,754,0.25
mouse,755,40
squirrel,755,8
deer,755,0.25
mouse,756,40
squirrel,756,8
deer,756,0.25
mouse,757,40
squirrel,757,8
deer,757,0.25
mouse,758,40
squirrel,758,8
deer,758,0.25
mouse,759,40
squirrel,759,8
deer,759,0.25
mouse,760,40
squirrel,760,8
deer,760,0.25
mouse,761,40
squirrel,761,8
deer,761,0.25
mouse,762,40
squirrel,762,8
deer,762,0.25
mouse,763,40
squirrel,763,8
deer,763,0.25
mouse,764,40
squirrel,764,8
deer,764,0.25
mouse,765,40
squirrel,765,8
deer,765,0.25
mouse,766,40
squirrel,766,8
deer,766,0.25
mouse,767,40
squirrel,767,8
deer,767,0.25
mouse,768,40
squirrel,768,8
deer,768,0.25
mouse,769,40
squirrel,769,8
deer,769,0.25
mouse,770,40
squirrel,770,8
deer,770,0.25
mouse,771,40
squirrel,771,8
deer,771,0.25
mouse,772,40
squirrel,772,8
deer,772,0.25
mouse,773,40
squirrel,773,8
deer,773,0.25
mouse,774,40
squirrel,774,8
deer,774,0.25
mouse,775,40
squirrel,775,8
deer,775,0.25
mouse,776,40
squirrel,776,8
deer,776,0.25
mouse,777,40
squirrel,777,8
deer,777,0.25
mouse,778,40
squirrel,778,8
deer,778,0.25
mouse,779,40
squirrel,779,8
deer,779,0.25
mouse,780,40
squirrel,780,8
deer,780,0.25
mouse,781,40
squirrel,781,8
deer,781,0.25
mouse,782,40
squirrel,782,8
deer,782,0.25
mouse,783,40
squirrel,783,8
deer,783,0.25
mouse,784,40
squirrel,784,8
deer,784,0.25
mouse,785,40
squirrel,785,8
deer,785,0.25
mouse,786,40
squirrel,786,8
deer,786,0.25
mouse,787,40
squirrel,787,8
deer,787,0.25
mouse,788,40
squirrel,788,8
deer,788,0.25
mouse,789,40
squirrel,789,8
deer,789,0.25
mouse,790,40
squirrel,790,8
deer,790,0.25
mouse,791,40
squirrel,791,8
deer,791,0.25
mouse,792,40
squirrel,792,8
deer,792,0.25
mouse,793,40
squirrel,793,8
deer,793,0.25
mouse,794,40
squirrel,794,8
deer,794,0.25
mouse,795,40
squirrel,795,8
deer,795,0.25
mouse,796,40
squirrel,796,8
deer,796,0.25
mouse,797,40
squirrel,797,8
deer,797,0.25
mouse,798,40
squirrel,798,8
deer,798,0.25
mouse,799,40
squirrel,799,8
deer,799,0.25
mouse,800,40
squirrel,800,8
deer,800,0.25
mouse,801,40
squirrel,801,8
deer,801,0.25
mouse,802,40
squirrel,802,8
deer,802,0.25
mouse,803,40
squirrel,803,8
deer,803,0.25
mouse,804,40
squirrel,804,8
deer,804,0.25
mouse,805,40
squirrel,805,8
deer,805,0.25
mouse,806,40
squirrel,806,8
deer,806,0.25
mouse,807,40
squirrel,807,8
deer,807,0.25
mouse,808,40
squirrel,808,8
deer,808,0.25
mouse,809,40
squirrel,809,8
deer,809,0.25
mouse,810,40
squirrel,810,8
deer,810,0.25
mouse,811,40
squirrel,811,8
deer,811,0.25
mouse,812,40
squirrel,812,8
deer,812,0.25
mouse,813,40
squirrel,813,8
deer,813,0.25
mouse,814,40
squirrel,814,8
deer,814,0.25
mouse,815,40
squirrel,815,8
deer,815,0.25
mouse,816,40
squirrel,816,8
deer,816,0.25
mouse,817,40
squirrel,817,8
deer,817,0.25
mouse,818,40
squirrel,818,8
deer,818,0.25
mouse,819,40
squirrel,819,8
deer,819,0.25
mouse,820,40
squirrel,820,8
deer,820,0.25
mouse,821,40
squirrel,821,8
deer,821,0.25
mouse,822,40
squirrel,822,8
deer,822,0.25
mouse,823,40
squirrel,823,8
deer,823,0.25
mouse,824,40
squirrel,824,8
deer,824,0.25
mouse,825,40
squirrel,825,8
deer,825,0.25
mouse,826,40
squirrel,826,8
deer,826,0.25
mouse,827,40
squirrel,827,8
deer,827,0.25
mouse,828,40
squirrel,828,8
deer,828,0.25
mouse,829,40
squirrel,829,8
deer,829,0.25
mouse,830,40
squirrel,830,8
deer,830,0.25
mouse,831,40
squirrel,831,8
deer,831,0.25
mouse,832,40
squirrel,832,8
deer,832,0.25
mouse,833,40
squirrel,833,8
deer,833,0.25
mouse,834,40
squirrel,834,8
deer,834,0.25
mouse,835,40
squirrel,835,8
deer,835,0.25
mouse,836,40
squirrel,836,8
deer,836,0.25
mouse,837,40
squirrel,837,8
deer,837,0.25
mouse,838,40
squirrel,838,8
deer,838,0.25
mouse,839,40
squirrel,839,8
deer,839,0.25
mouse,840,40
squirrel,840,8
deer,840,0.25
mouse,841,40
squirrel,841,8
deer,841,0.25
mouse,842,40
squirrel,842,8
deer,842,0.25
mouse,843,40
squirrel,843,8
deer,843,0.25
mouse,844,40
squirrel,844,8
deer,844,0.25
mouse,845,40
squirrel,845,8
deer,845,0.25
mouse,846,40
squirrel,846,8
deer,846,0.25
mouse,847,40
squirrel,847,8
deer,847,0.25
mouse,848,40
squirrel,848,8
deer,848,0.25
mouse,849,40
squirrel,849,8
deer,849,0.25
mouse,850,40
squirrel,850,8
deer,850,0.25
mouse,851,40
squirrel,851,8
deer,851,0.25
mouse,852,40
squirrel,852,8
deer,852,0.25
mouse,853,40
squirrel,853,8
deer,853,0.25
mouse,854,40
squirrel,854,8
deer,854,0.25
mouse,855,40
squirrel,855,8
deer,855,0.25
mouse,856,40
squirrel,856,8
deer,856,0.25
mouse,857,40
squirrel,857,8
deer,857,0.25
mouse,858,40
squirrel,858,8
deer,858,0.25
mouse,859,40
squirrel,859,8
deer,859,0.25
mouse,860,40
squirrel,860,8
deer,860,0.25
mouse,861,40
squirrel,861,8
deer,861,0.25
mouse,862,40
squirrel,862,8
deer,862,0.25
mouse,863,40
squirrel,863,8
deer,863,0.25
mouse,864,40
squirrel,864,8
deer,864,0.25
mouse,865,40
squirrel,865,8
deer,865,0.25
mouse,866,40
squirrel,866,8
deer,866,0.25
mouse,867,40
squirrel,867,8
deer,867,0.25
mouse,868,40
squirrel,868,8
deer,868,0.25
mouse,869,40
squirrel,869,8
deer,869,0.25
mouse,870,40
squirrel,870,8
deer,870,0.25
mouse,871,40
squirrel,871,8
deer,871,0.25
mouse,872,40
squirrel,872,8
deer,872,0.25
mouse,873,40
squirrel,873,8
deer,873,0.25
mouse,874,40
squirrel,874,8
deer,874,0.25
mouse,875,40
squirrel,875,8
deer,875,0.25
mouse,876,40
squirrel,876,8
deer,876,0.25
mouse,877,40
squirrel,877,8
deer,877,0.25
mouse,878,40
squirrel,878,8
deer,878,0.25
mouse,879,40
squirrel,879,8
deer,879,0.25
mouse,880,40
squirrel,880,8
deer,880,0.25
mouse,881,40
squirrel,881,8
deer,881,0.25
mouse,882,40
squirrel,882,8
deer,882,0.25
mouse,883,40
squirrel,883,8
deer,883,0.25
mouse,884,40
squirrel,884,8
deer,884,0.25
mouse,885,40
squirrel,885,8
deer,885,0.25
mouse,886,40
squirrel,886,8
deer,886,0.25
mouse,887,40
squirrel,887,8
deer,887,0.25
mouse,888,40
squirrel,888,8
deer,888,0.25
mouse,889,40
squirrel,889,8
deer,889,0.25
mouse,890,40
squirrel,890,8
deer,890,0.25
mouse,891,40
squirrel,891,8
deer,891,0.25
mouse,892,40
squirrel,892,8
deer,892,0.25
mouse,893,40
squirrel,893,8
deer,893,0.25
mouse,894,40
squirrel,894,8
deer,894,0.25
mouse,895,40
squirrel,895,8
deer,895,0.25
mouse,896,40
squirrel,896,8
deer,896,0.25
mouse,897,40
squirrel,897,8
deer,897,0.25
mouse,898,40
squirrel,898,8
deer,898,0.25
mouse,899,40
squirrel,899,8
deer,899,0.25
mouse,900,40
squirrel,900,8
deer,900,0.25
mouse,901,40
squirrel,901,8
deer,901,0.25
mouse,902,40
squirrel,902,8
deer,902,0.25
mouse,903,40
squirrel,903,8
deer,903,0.25
mouse,904,40
squirrel,904,8
deer,904,0.25
mouse,905,40
squirrel,905,8
deer,905,0.25
mouse,906,40
squirrel,906,8
deer,906,0.25
mouse,907,40
squirrel,907,8
deer,907,0.25
mouse,908,40
squirrel,908,8
deer,908,0.25
mouse,909,40
squirrel,909,8
deer,909,0.25
mouse,910,40
squirrel,910,8
deer,910,0.25
mouse,911,40
squirrel,911,8
deer,911,0.25
mouse,912,40
squirrel,912,8
deer,912,0.25
mouse,913,40
squirrel,913,8
deer,913,0.25
mouse,914,40
squirrel,914,8
deer,914,0.25
mouse,915,40
squirrel,915,8
deer,915,0.25
mouse,916,40
squirrel,916,8
deer,916,0.25
mouse,917,40
squirrel,917,8
deer,917,0.25
mouse,918,40
squirrel,918,8
deer,918,0.25
mouse,919,40
squirrel,919,8
deer,919,0.25
mouse,920,40
squirrel,920,8
deer,920,0.25
mouse,921,40
squirrel,921,8
deer,921,0.25
mouse,922,40
squirrel,922,8
deer,922,0.25
mouse,923,40
squirrel,923,8
deer,923,0.25
mouse,924,40
squirrel,924,8
deer,924,0.25
mouse,925,40
squirrel,925,8
deer,925,0.25
mouse,926,40
squirrel,926,8
deer,926,0.25
mouse,927,40
squirrel,927,8
deer,927,0.25
mouse,928,40
squirrel,928,8
deer,928,0.25
mouse,929,40
squirrel,929,8
deer,929,0.25
mouse,930,40
squirrel,930,8
deer,930,0.25
mouse,931,40
squirrel,931,8
deer,931,0.25
mouse,932,40
squirrel,932,8
deer,932,0.25
mouse,933,40
squirrel,933,8
deer,933,0.25
mouse,934,40
squirrel,934,8
deer,934,0.25
mouse,935,40
squirrel,935,8
deer,935,0.25
mouse,936,40
squirrel,936,8
deer,936,0.25
mouse,937,40
squirrel,937,8
deer,937,0.25
mouse,938,40
squirrel,938,8
deer,938,0.25
mouse,939,40
squirrel,939,8
deer,939,0.25
mouse,940,40
squirrel,940,8
deer,940,0.25
mouse,941,40
squirrel,941,8
deer,941,0.25
mouse,942,40
squirrel,942,8
deer,942,0.25
mouse,943,40
squirrel,943,8
deer,943,0.25
mouse,944,40
squirrel,944,8
deer,944,0.25
mouse,945,40
squirrel,945,8
deer,945,0.25
mouse,946,40
squirrel,946,8
deer,946,0.25
mouse,947,40
squirrel,947,8
deer,947,0.25
mouse,948,40
squirrel,948,8
deer,948,0.25
mouse,949,40
squirrel,949,8
deer,949,0.25
mouse,950,40
squirrel,950,8
deer,950,0.25
mouse,951,40
squirrel,951,8
deer,951,0.25
mouse,952,40
squirrel,952,8
deer,952,0.25
mouse,953,40
squirrel,953,8
deer,953,0.25
mouse,954,40
squirrel,954,8
deer,954,0.25
mouse,955,40
squirrel,955,8
deer,955,0.25
mouse,956,40
squirrel,956,8
deer,956,0.25
mouse,957,40
squirrel,957,8
deer,957,0.25
mouse,958,40
squirrel,958,8
deer,958,0.25
mouse,959,40
squirrel,959,8
deer,959,0.25
mouse,960,40
squirrel,960,8
deer,960,0.25
mouse,961,40
squirrel,961,8
deer,961,0.25
mouse,962,40
squirrel,962,8
deer,962,0.25
mouse,963,40
squirrel,963,8
deer,963,0.25
mouse,964,40
squirrel,964,8
deer,964,0.25
mouse,965,40
squirrel,965,8
deer,965,0.25
mouse,966,40
squirrel,966,8
deer,966,0.25
mouse,967,40
squirrel,967,8
deer,967,0.25
mouse,968,40
squirrel,968,8
deer,968,0.25
mouse,969,40
squirrel,969,8
deer,969,0.25
mouse,970,40
squirrel,970,8
deer,970,0.25
mouse,971,40
squirrel,971,8
deer,971,0.25
mouse,972,40
squirrel,972,8
deer,972,0.25
mouse,973,40
squirrel,973,8
deer,973,0.25
mouse,974,40
squirrel,974,8
deer,974,0.25
mouse,975,40
squirrel,975,8
deer,975,0.25
mouse,976,40
squirrel,976,8
deer,976,0.25
mouse,977,40
squirrel,977,8
deer,977,0.25
mouse,978,40
squirrel,978,8
deer,978,0.25
mouse,979,40
squirrel,979,8
deer,979,0.25
mouse,980,40
squirrel,980,8
deer,980,0.25
mouse,981,40
squirrel,981,8
deer,981,0.25
mouse,982,40
squirrel,982,8
deer,982,0.25
mouse,983,40
squirrel,983,8
deer,983,0.25
mouse,984,40
squirrel,984,8
deer,984,0.25
mouse,985,40
squirrel,985,8
deer,985,0.25
mouse,986,40
squirrel,986,8
deer,986,0.25
mouse,987,40
squirrel,987,8
deer,987,0.25
mouse,988,40
squirrel,988,8
deer,988,0.25
mouse,989,40
squirrel,989,8
deer,989,0.25
mouse,990,40
squirrel,990,8
deer,990,0.25
mouse,991,40
squirrel,991,8
deer,991,0.25
mouse,992,40
squirrel,992,8
deer,992,0.25
mouse,993,40
squirrel,993,8
deer,993,0.25
mouse,994,40
squirrel,994,8
deer,994,0.25
mouse,995,40
squirrel,995,8
deer,995,0.25
mouse,996,40
squirrel,996,8
deer,996,0.25
mouse,997,40
squirrel,997,8
deer,997,0.25
mouse,998,40
squirrel,998,8
deer,998,0.25
mouse,999,40
squirrel,999,8
deer,999,0.25
mouse,1000,40
squirrel,1000,8
deer,1000,0.25
